Name,Latitude,Longitude,Device,Device Depth,Start Time,STZ,End Time,ETZ,Download,Remove
R1,62.68471,-114.10043,VR2W-120467,14,2012-06-28 6:30,0,2012-09-11 17:30,0,2,N
R1,62.68474062,-114.1003357,VR2W-120467,13.3,2012-09-14 3:30,0,2012-10-27 0:18,0,3,N
R1,62.68465183,-114.1003268,VR2W-120467,12.5,2013-06-11 1:00,0,2013-09-24 14:51,0,5,N
R1,62.68474327,-114.1005877,VR2W-120467,13.3,2013-09-28 0:00,0,2013-11-01 0:00,0,6,N
R1,62.68471172,-114.1004237,VR2W-120467,13.3,2014-06-20 6:00,0,2014-09-24 17:32,0,8,N
R1,62.68471172,-114.1004237,VR2W-120467,13.3,2014-09-24 20:07,0,2014-09-25 16:00,0,8,Y
R1,62.68485497,-114.1007895,VR2W-120467,13.3,2012-10-27 0:18,0,2012-10-30 16:00,0,4a,Y
R1,62.68446607,-114.0997994,VR2W-120467,13.3,2012-10-30 18:21,0,2012-12-01 0:00,0,4a,N
R1,62.68446607,-114.0997994,VR2W-120467,13.3,2012-12-01 0:00,0,2013-01-01 0:00,0,4b,N
R1,62.68446607,-114.0997994,VR2W-120467,13.3,2013-01-01 0:00,0,2013-01-31 0:00,0,4c,N
R1,62.68446607,-114.0997994,VR2W-120467,13.3,2013-01-31 0:00,0,2013-02-01 0:00,0,4c,N
R1,62.68446607,-114.0997994,VR2W-120467,13.3,2013-02-01 0:00,0,2013-03-01 0:00,0,4d,N
R1,62.68446607,-114.0997994,VR2W-120467,13.3,2013-03-01 0:00,0,2013-04-01 0:00,0,4e,N
R1,62.68446607,-114.0997994,VR2W-120467,13.3,2013-04-01 0:00,0,2013-05-01 0:00,0,4f,N
R1,62.68446607,-114.0997994,VR2W-120467,13.3,2013-05-01 0:00,0,2013-05-25 6:00,0,4g,N
R10,62.67143,-114.06758,VR2W-120485,14.5,2012-06-28 6:30,0,2012-09-11 17:30,0,2,N
R10,62.67134336,-114.0677399,VR2W-120485,13,2012-09-14 3:30,0,2012-10-27 0:18,0,3,N
R10,62.67148602,-114.0679354,VR2W-120485,13.9,2013-06-11 1:00,0,2013-09-24 14:51,0,5,N
R10,62.6713336,-114.0676537,VR2W-120485,13.3,2013-09-28 0:00,0,2013-11-01 0:00,0,6,N
R10,62.67135241,-114.0677082,VR2W-120485,13.3,2013-11-01 0:00,0,2014-06-11 23:00,0,7,N
R10,62.67134531,-114.0676976,VR2W-120485,13.3,2014-06-20 6:00,0,2014-09-25 16:00,0,8,N
R10,62.6714434,-114.0677856,VR2W-120485,13,2012-10-27 0:18,0,2012-12-01 0:00,0,4a,N
R10,62.6714434,-114.0677856,VR2W-120485,13,2012-12-01 0:00,0,2013-01-01 0:00,0,4b,N
R10,62.6714434,-114.0677856,VR2W-120485,13,2013-01-01 0:00,0,2013-02-01 0:00,0,4c,N
R10,62.6714434,-114.0677856,VR2W-120485,13,2013-02-01 0:00,0,2013-03-01 0:00,0,4d,N
R10,62.6714434,-114.0677856,VR2W-120485,13,2013-03-01 0:00,0,2013-04-01 0:00,0,4e,N
R10,62.6714434,-114.0677856,VR2W-120485,13,2013-04-01 0:00,0,2013-05-01 0:00,0,4f,N
R10,62.6714434,-114.0677856,VR2W-120485,13,2013-05-01 0:00,0,2013-05-25 6:00,0,4g,N
R11,62.67832,-114.10063,VR2W-120471,5.8,2012-06-28 6:30,0,2012-09-11 17:30,0,2,N
R11,62.67827733,-114.1005594,VR2W-120471,6.9,2012-09-14 3:30,0,2012-10-27 0:18,0,3,N
R11,62.67833352,-114.1004046,VR2W-120471,6.5,2013-06-11 1:00,0,2013-09-24 14:51,0,5,N
R11,62.67835487,-114.1004153,VR2W-120471,6.3,2013-09-28 0:00,0,2013-11-01 0:00,0,6,N
R11,62.67831684,-114.100358,VR2W-120471,6.3,2013-11-01 0:00,0,2014-06-11 23:00,0,7,N
R11,62.67829821,-114.1006717,VR2W-120471,6.5,2014-06-20 6:00,0,2014-09-25 16:00,0,8,N
R11,62.67838969,-114.100447,VR2W-120471,6.9,2012-10-27 0:18,0,2012-12-01 0:00,0,4a,N
R11,62.67838969,-114.100447,VR2W-120471,6.9,2012-12-01 0:00,0,2013-01-01 0:00,0,4b,N
R11,62.67838969,-114.100447,VR2W-120471,6.9,2013-01-01 0:00,0,2013-02-01 0:00,0,4c,N
R11,62.67838969,-114.100447,VR2W-120471,6.9,2013-02-01 0:00,0,2013-03-01 0:00,0,4d,N
R11,62.67838969,-114.100447,VR2W-120471,6.9,2013-03-01 0:00,0,2013-04-01 0:00,0,4e,N
R11,62.67838969,-114.100447,VR2W-120471,6.9,2013-04-01 0:00,0,2013-05-01 0:00,0,4f,N
R11,62.67838969,-114.100447,VR2W-120471,6.9,2013-05-01 0:00,0,2013-05-25 6:00,0,4g,N
R12,62.6799,-114.10429,VR2W-120498,5.4,2012-06-28 6:30,0,2012-09-11 17:30,0,2,N
R12,62.67983182,-114.1041876,VR2W-120498,5.6,2012-09-14 3:30,0,2012-10-27 0:18,0,3,N
R12,62.67982573,-114.1044711,VR2W-120498,4.7,2013-06-11 1:00,0,2013-09-24 14:51,0,5,N
R12,62.67988218,-114.1045157,VR2W-120498,6.3,2013-09-28 0:00,0,2013-11-01 0:00,0,6,N
R12,62.67992425,-114.1044402,VR2W-120498,6.3,2013-11-01 0:00,0,2014-06-11 23:00,0,7,N
R12,62.67986767,-114.1045516,VR2W-120498,6.3,2014-06-20 6:00,0,2014-09-25 16:00,0,8,N
R12,62.67998123,-114.1042243,VR2W-120498,5.6,2012-10-27 0:18,0,2012-12-01 0:00,0,4a,N
R12,62.67998123,-114.1042243,VR2W-120498,5.6,2012-12-01 0:00,0,2013-01-01 0:00,0,4b,N
R12,62.67998123,-114.1042243,VR2W-120498,5.6,2013-01-01 0:00,0,2013-02-01 0:00,0,4c,N
R12,62.67998123,-114.1042243,VR2W-120498,5.6,2013-02-01 0:00,0,2013-03-01 0:00,0,4d,N
R12,62.67998123,-114.1042243,VR2W-120498,5.6,2013-03-01 0:00,0,2013-04-01 0:00,0,4e,N
R12,62.67998123,-114.1042243,VR2W-120498,5.6,2013-04-01 0:00,0,2013-05-01 0:00,0,4f,N
R12,62.67998123,-114.1042243,VR2W-120498,5.6,2013-05-01 0:00,0,2013-05-25 6:00,0,4g,N
R13,62.67773,-114.10561,VR2W-120490,30.8,2012-06-28 6:30,0,2012-09-11 17:30,0,2,N
R13,62.67769812,-114.1055402,VR2W-120490,30,2012-09-14 3:30,0,2012-10-27 0:18,0,3,N
R13,62.67760305,-114.105567,VR2W-120490,29.6,2013-06-11 1:00,0,2013-09-24 14:51,0,5,N
R13,62.67764293,-114.1056709,VR2W-120490,29.8,2013-09-28 0:00,0,2013-11-01 0:00,0,6,N
R13,62.67763321,-114.1056424,VR2W-120490,29.8,2013-11-01 0:00,0,2014-06-11 23:00,0,7,N
R13,62.67767561,-114.1057759,VR2W-120490,29.8,2014-06-20 6:00,0,2014-09-25 16:00,0,8,N
R13,62.67776719,-114.1054922,VR2W-120490,30,2012-10-27 0:18,0,2012-12-01 0:00,0,4a,N
R13,62.67776719,-114.1054922,VR2W-120490,30,2012-12-01 0:00,0,2013-01-01 0:00,0,4b,N
R13,62.67776719,-114.1054922,VR2W-120490,30,2013-01-01 0:00,0,2013-02-01 0:00,0,4c,N
R13,62.67776719,-114.1054922,VR2W-120490,30,2013-02-01 0:00,0,2013-03-01 0:00,0,4d,N
R13,62.67776719,-114.1054922,VR2W-120490,30,2013-03-01 0:00,0,2013-04-01 0:00,0,4e,N
R13,62.67776719,-114.1054922,VR2W-120490,30,2013-04-01 0:00,0,2013-05-01 0:00,0,4f,N
R13,62.67776719,-114.1054922,VR2W-120490,30,2013-05-01 0:00,0,2013-05-25 6:00,0,4g,N
R14,62.67969,-114.10918,VR2W-120503,13.2,2012-06-28 6:30,0,2012-09-11 17:30,0,2,N
R14,62.67974625,-114.1087567,VR2W-120503,12.5,2012-09-14 3:30,0,2012-10-27 0:18,0,3,N
R14,62.67953586,-114.1090916,VR2W-120503,13.1,2013-06-11 1:00,0,2013-09-24 14:51,0,5,N
R14,62.67958397,-114.1090952,VR2W-120503,13.2,2013-09-28 0:00,0,2013-11-01 0:00,0,6,N
R14,62.67961856,-114.1090975,VR2W-120503,13.2,2013-11-01 0:00,0,2014-06-11 23:00,0,7,N
R14,62.67967525,-114.1091751,VR2W-120503,13.2,2014-06-20 6:00,0,2014-09-25 16:00,0,8,N
R14,62.67962125,-114.108979,VR2W-120503,12.5,2012-10-27 0:18,0,2012-12-01 0:00,0,4a,N
R14,62.67962125,-114.108979,VR2W-120503,12.5,2012-12-01 0:00,0,2013-01-01 0:00,0,4b,N
R14,62.67962125,-114.108979,VR2W-120503,12.5,2013-01-01 0:00,0,2013-02-01 0:00,0,4c,N
R14,62.67962125,-114.108979,VR2W-120503,12.5,2013-02-01 0:00,0,2013-03-01 0:00,0,4d,N
R14,62.67962125,-114.108979,VR2W-120503,12.5,2013-03-01 0:00,0,2013-04-01 0:00,0,4e,N
R14,62.67962125,-114.108979,VR2W-120503,12.5,2013-04-01 0:00,0,2013-05-01 0:00,0,4f,N
R14,62.67962125,-114.108979,VR2W-120503,12.5,2013-05-01 0:00,0,2013-05-25 6:00,0,4g,N
R15,62.67841,-114.10978,VR2W-120458,22,2012-06-28 6:30,0,2012-09-11 17:30,0,2,N
R15,62.67837917,-114.1097458,VR2W-120458,17.2,2012-09-14 3:30,0,2012-10-27 0:18,0,3,N
R15,62.67828237,-114.1096634,VR2W-120458,18.3,2013-06-11 1:00,0,2013-09-24 14:51,0,5,N
R15,62.67837487,-114.1097994,VR2W-120458,20.6,2013-09-28 0:00,0,2013-11-01 0:00,0,6,N
R15,62.67837346,-114.1097812,VR2W-120458,20.6,2013-11-01 0:00,0,2014-06-11 23:00,0,7,N
R15,62.67834957,-114.1098651,VR2W-120458,20.6,2014-06-20 6:00,0,2014-09-25 16:00,0,8,N
R15,62.67845854,-114.1097164,VR2W-120458,17.2,2012-10-27 0:18,0,2012-12-01 0:00,0,4a,N
R15,62.67845854,-114.1097164,VR2W-120458,17.2,2012-12-01 0:00,0,2013-01-01 0:00,0,4b,N
R15,62.67845854,-114.1097164,VR2W-120458,17.2,2013-01-01 0:00,0,2013-02-01 0:00,0,4c,N
R15,62.67845854,-114.1097164,VR2W-120458,17.2,2013-02-01 0:00,0,2013-03-01 0:00,0,4d,N
R15,62.67845854,-114.1097164,VR2W-120458,17.2,2013-03-01 0:00,0,2013-04-01 0:00,0,4e,N
R15,62.67845854,-114.1097164,VR2W-120458,17.2,2013-04-01 0:00,0,2013-05-01 0:00,0,4f,N
R15,62.67845854,-114.1097164,VR2W-120458,17.2,2013-05-01 0:00,0,2013-05-25 6:00,0,4g,N
R16,62.67828,-114.11361,VR2W-120472,4.6,2012-06-28 6:30,0,2012-09-11 17:30,0,2,N
R16,62.67823831,-114.1134944,VR2W-120472,4.5,2012-09-14 3:30,0,2012-10-27 0:18,0,3,N
R16,62.67805921,-114.1136797,VR2W-120472,6,2013-06-11 1:00,0,2013-09-24 14:51,0,5,N
R16,62.67818154,-114.1139074,VR2W-120472,5.8,2013-09-28 0:00,0,2013-11-01 0:00,0,6,N
R16,62.67817497,-114.1139329,VR2W-120472,5.8,2013-11-01 0:00,0,2014-06-11 23:00,0,7,N
R16,62.67819247,-114.1136901,VR2W-120472,5.8,2014-06-20 6:00,0,2014-09-25 16:00,0,8,N
R16,62.67834352,-114.1135188,VR2W-120472,4.5,2012-10-27 0:18,0,2012-12-01 0:00,0,4a,N
R16,62.67834352,-114.1135188,VR2W-120472,4.5,2012-12-01 0:00,0,2013-01-01 0:00,0,4b,N
R16,62.67834352,-114.1135188,VR2W-120472,4.5,2013-01-01 0:00,0,2013-02-01 0:00,0,4c,N
R16,62.67834352,-114.1135188,VR2W-120472,4.5,2013-02-01 0:00,0,2013-03-01 0:00,0,4d,N
R16,62.67834352,-114.1135188,VR2W-120472,4.5,2013-03-01 0:00,0,2013-04-01 0:00,0,4e,N
R16,62.67834352,-114.1135188,VR2W-120472,4.5,2013-04-01 0:00,0,2013-05-01 0:00,0,4f,N
R16,62.67834352,-114.1135188,VR2W-120472,4.5,2013-05-01 0:00,0,2013-05-25 6:00,0,4g,N
R17,62.6773,-114.11091,VR2W-120502,10.2,2012-06-28 6:30,0,2012-09-11 17:30,0,2,N
R17,62.67722895,-114.1107533,VR2W-120502,9,2012-09-14 3:30,0,2012-10-27 0:18,0,3,N
R17,62.67715953,-114.1108034,VR2W-120502,10.3,2013-06-11 1:00,0,2013-09-24 14:51,0,5,N
R17,62.67725706,-114.1110163,VR2W-120502,10.9,2013-09-28 0:00,0,2013-11-01 0:00,0,6,N
R17,62.67723303,-114.1110119,VR2W-120502,10.9,2013-11-01 0:00,0,2014-06-11 23:00,0,7,N
R17,62.67728121,-114.1109995,VR2W-120502,10.9,2014-06-20 6:00,0,2014-09-25 16:00,0,8,N
R17,62.67729294,-114.1107987,VR2W-120502,9,2012-10-27 0:18,0,2012-12-01 0:00,0,4a,N
R17,62.67729294,-114.1107987,VR2W-120502,9,2012-12-01 0:00,0,2013-01-01 0:00,0,4b,N
R17,62.67729294,-114.1107987,VR2W-120502,9,2013-01-01 0:00,0,2013-02-01 0:00,0,4c,N
R17,62.67729294,-114.1107987,VR2W-120502,9,2013-02-01 0:00,0,2013-03-01 0:00,0,4d,N
R17,62.67729294,-114.1107987,VR2W-120502,9,2013-03-01 0:00,0,2013-04-01 0:00,0,4e,N
R17,62.67729294,-114.1107987,VR2W-120502,9,2013-04-01 0:00,0,2013-05-01 0:00,0,4f,N
R17,62.67729294,-114.1107987,VR2W-120502,9,2013-05-01 0:00,0,2013-05-25 6:00,0,4g,N
R18,62.67583,-114.10753,VR2W-120499,13.6,2012-06-28 6:30,0,2012-09-11 17:30,0,2,N
R18,62.6758697,-114.1074711,VR2W-120499,13.4,2012-09-14 3:30,0,2012-10-27 0:18,0,3,N
R18,62.67579825,-114.1074177,VR2W-120499,12.9,2013-06-11 1:00,0,2013-09-24 14:51,0,5,N
R18,62.67589513,-114.1076259,VR2W-120499,13.8,2013-09-28 0:00,0,2013-11-01 0:00,0,6,N
R18,62.67590529,-114.1075668,VR2W-120499,13.8,2013-11-01 0:00,0,2014-06-11 23:00,0,7,N
R18,62.67587414,-114.1077072,VR2W-120499,13.8,2014-06-20 6:00,0,2014-09-25 16:00,0,8,N
R18,62.67594611,-114.1074405,VR2W-120499,13.4,2012-10-27 0:18,0,2012-10-30 4:39,0,4a,Y
R18,62.67561204,-114.1070673,VR2W-120499,13.4,2012-10-30 10:19,0,2012-12-01 0:00,0,4a,N
R18,62.67561204,-114.1070673,VR2W-120499,13.4,2012-12-01 0:00,0,2013-01-01 0:00,0,4b,N
R18,62.67561204,-114.1070673,VR2W-120499,13.4,2013-01-01 0:00,0,2013-02-01 0:00,0,4c,N
R18,62.67561204,-114.1070673,VR2W-120499,13.4,2013-02-01 0:00,0,2013-03-01 0:00,0,4d,N
R18,62.67561204,-114.1070673,VR2W-120499,13.4,2013-03-01 0:00,0,2013-04-01 0:00,0,4e,N
R18,62.67561204,-114.1070673,VR2W-120499,13.4,2013-04-01 0:00,0,2013-05-01 0:00,0,4f,N
R18,62.67561204,-114.1070673,VR2W-120499,13.4,2013-05-01 0:00,0,2013-05-25 6:00,0,4g,N
R19,62.67574,-114.10246,VR2W-120491,28.5,2012-06-28 6:30,0,2012-09-11 17:30,0,2,N
R19,62.67570749,-114.102294,VR2W-120491,28,2012-09-14 3:30,0,2012-10-27 0:18,0,3,N
R19,62.67574525,-114.1022774,VR2W-120491,29,2013-06-11 1:00,0,2013-09-24 14:51,0,5,N
R19,62.67568922,-114.1025725,VR2W-120491,28,2013-09-28 0:00,0,2013-11-01 0:00,0,6,N
R19,62.67569346,-114.102567,VR2W-120491,28,2013-11-01 0:00,0,2014-06-11 23:00,0,7,N
R19,62.67573288,-114.1025075,VR2W-120491,28,2014-06-20 6:00,0,2014-09-25 16:00,0,8,N
R19,62.6757733,-114.1022295,VR2W-120491,28,2012-10-27 0:18,0,2012-10-30 14:43,0,4a,Y
R19,62.67578384,-114.1016371,VR2W-120491,28,2012-10-30 18:55,0,2012-12-01 0:00,0,4a,N
R19,62.67578384,-114.1016371,VR2W-120491,28,2012-12-01 0:00,0,2013-01-01 0:00,0,4b,N
R19,62.67578384,-114.1016371,VR2W-120491,28,2013-01-01 0:00,0,2013-02-01 0:00,0,4c,N
R19,62.67578384,-114.1016371,VR2W-120491,28,2013-02-01 0:00,0,2013-03-01 0:00,0,4d,N
R19,62.67578384,-114.1016371,VR2W-120491,28,2013-03-01 0:00,0,2013-04-01 0:00,0,4e,N
R19,62.67578384,-114.1016371,VR2W-120491,28,2013-04-01 0:00,0,2013-05-01 0:00,0,4f,N
R19,62.67578384,-114.1016371,VR2W-120491,28,2013-05-01 0:00,0,2013-05-25 6:00,0,4g,N
R2,62.68354,-114.09842,VR2W-120515,12.9,2012-06-28 6:30,0,2012-09-11 17:30,0,2,N
R2,62.68353481,-114.0983778,VR2W-120515,12.2,2012-09-14 3:30,0,2012-10-27 0:18,0,3,N
R2,62.68349075,-114.0982562,VR2W-120515,10.9,2013-06-11 1:00,0,2013-09-24 14:51,0,5,N
R2,62.68351848,-114.0990824,VR2W-120515,12.2,2012-10-27 0:18,0,2012-10-30 7:20,0,4a,Y
R2,62.68344103,-114.0984205,VR2W-120515,12.2,2012-10-30 16:31,0,2012-12-01 0:00,0,4a,N
R2,62.68344103,-114.0984205,VR2W-120515,12.2,2012-12-01 0:00,0,2013-01-01 0:00,0,4b,N
R2,62.68344103,-114.0984205,VR2W-120515,12.2,2013-01-01 0:00,0,2013-02-01 0:00,0,4c,N
R2,62.68344103,-114.0984205,VR2W-120515,12.2,2013-02-01 0:00,0,2013-03-01 0:00,0,4d,N
R2,62.68344103,-114.0984205,VR2W-120515,12.2,2013-03-01 0:00,0,2013-04-01 0:00,0,4e,N
R2,62.68344103,-114.0984205,VR2W-120515,12.2,2013-04-01 0:00,0,2013-05-01 0:00,0,4f,N
R2,62.68344103,-114.0984205,VR2W-120515,12.2,2013-05-01 0:00,0,2013-05-25 6:00,0,4g,N
R2,62.68356782,-114.098426,VR2W-120515,11.9,2013-09-28 0:00,0,2013-11-01 0:00,0,6,N
R2,62.68353907,-114.0984264,VR2W-120515,11.9,2013-11-01 0:00,0,2014-06-11 23:00,0,7,N
R2,62.68355283,-114.0985093,VR2W-120515,11.9,2014-06-20 6:00,0,2014-09-24 17:32,0,8,N
R2,62.68355283,-114.0985093,VR2W-120515,11.9,2014-09-24 20:07,0,2014-09-25 16:00,0,8,Y
R20,62.67327,-114.1052,VR2W-120521,10.2,2012-06-28 6:30,0,2012-09-11 17:30,0,2,N
R20,62.67326272,-114.1050713,VR2W-120521,11.5,2012-09-14 3:30,0,2012-10-27 0:18,0,3,N
R20,62.67323444,-114.104787,VR2W-120521,11.2,2013-06-11 1:00,0,2013-09-24 14:51,0,5,N
R20,62.6732391,-114.1051424,VR2W-120521,12.3,2013-09-28 0:00,0,2013-11-01 0:00,0,6,N
R20,62.67322946,-114.1051691,VR2W-120521,12.3,2013-11-01 0:00,0,2014-06-11 23:00,0,7,N
R20,62.67324035,-114.1050149,VR2W-120521,12.3,2014-06-20 6:00,0,2014-09-25 16:00,0,8,N
R20,62.67330697,-114.105064,VR2W-120521,11.5,2012-10-27 0:18,0,2012-10-30 6:46,0,4a,Y
R20,62.6732551,-114.1049615,VR2W-120521,11.5,2012-10-30 7:41,0,2012-12-01 0:00,0,4a,N
R20,62.6732551,-114.1049615,VR2W-120521,11.5,2012-12-01 0:00,0,2013-01-01 0:00,0,4b,N
R20,62.6732551,-114.1049615,VR2W-120521,11.5,2013-01-01 0:00,0,2013-02-01 0:00,0,4c,N
R20,62.6732551,-114.1049615,VR2W-120521,11.5,2013-02-01 0:00,0,2013-03-01 0:00,0,4d,N
R20,62.6732551,-114.1049615,VR2W-120521,11.5,2013-03-01 0:00,0,2013-04-01 0:00,0,4e,N
R20,62.6732551,-114.1049615,VR2W-120521,11.5,2013-04-01 0:00,0,2013-05-01 0:00,0,4f,N
R20,62.6732551,-114.1049615,VR2W-120521,11.5,2013-05-01 0:00,0,2013-05-25 6:00,0,4g,N
R21,62.67748,-114.08938,VR2W-119898,2.2,2012-06-28 6:30,0,2012-09-11 17:30,0,2,N
R21,62.67748972,-114.0894437,VR2W-119898,2,2012-09-14 3:30,0,2012-10-27 0:18,0,3,N
R21,62.67754199,-114.0894289,VR2W-119898,2.6,2013-06-11 1:00,0,2013-09-24 14:51,0,5,N
R21,62.67754427,-114.0895715,VR2W-119898,2.3,2013-09-28 0:00,0,2013-11-01 0:00,0,6,N
R21,62.67750574,-114.0894404,VR2W-119898,2.3,2013-11-01 0:00,0,2014-06-11 23:00,0,7,N
R21,62.67758688,-114.0895741,VR2W-119898,2.3,2014-06-20 6:00,0,2014-09-25 16:00,0,8,N
R21,62.67682241,-114.0898685,VR2W-119898,2,2012-10-27 0:18,0,2012-12-01 0:00,0,4a,N
R21,62.67682241,-114.0898685,VR2W-119898,2,2012-12-01 0:00,0,2013-01-01 0:00,0,4b,N
R21,62.67682241,-114.0898685,VR2W-119898,2,2013-01-01 0:00,0,2013-02-01 0:00,0,4c,N
R21,62.67682241,-114.0898685,VR2W-119898,2,2013-02-01 0:00,0,2013-03-01 0:00,0,4d,N
R21,62.67682241,-114.0898685,VR2W-119898,2,2013-03-01 0:00,0,2013-04-01 0:00,0,4e,N
R21,62.67682241,-114.0898685,VR2W-119898,2,2013-04-01 0:00,0,2013-05-01 0:00,0,4f,N
R21,62.67682241,-114.0898685,VR2W-119898,2,2013-05-01 0:00,0,2013-05-25 6:00,0,4g,N
R22,62.67147,-114.10379,VR2W-120489,3.4,2012-06-28 6:30,0,2012-09-11 17:30,0,2,N
R22,62.67151831,-114.1036001,VR2W-120489,4,2012-09-14 3:30,0,2012-10-27 0:18,0,3,N
R22,62.67145619,-114.1032186,VR2W-120489,4,2013-06-11 1:00,0,2013-09-24 14:51,0,5,N
R22,62.6715218,-114.1036246,VR2W-120489,3.9,2013-09-28 0:00,0,2013-11-01 0:00,0,6,N
R22,62.67150343,-114.1036305,VR2W-120489,3.9,2013-11-01 0:00,0,2014-06-11 23:00,0,7,N
R22,62.67149825,-114.1035661,VR2W-120489,3.9,2014-06-20 6:00,0,2014-09-25 16:00,0,8,N
R22,62.67152621,-114.1035613,VR2W-120489,4,2012-10-27 0:18,0,2012-10-30 7:32,0,4a,Y
R22,62.67143379,-114.1029966,VR2W-120489,4,2012-10-30 13:41,0,2012-12-01 0:00,0,4a,N
R22,62.67143379,-114.1029966,VR2W-120489,4,2012-12-01 0:00,0,2013-01-01 0:00,0,4b,N
R22,62.67143379,-114.1029966,VR2W-120489,4,2013-01-01 0:00,0,2013-02-01 0:00,0,4c,N
R22,62.67143379,-114.1029966,VR2W-120489,4,2013-02-01 0:00,0,2013-03-01 0:00,0,4d,N
R22,62.67143379,-114.1029966,VR2W-120489,4,2013-03-01 0:00,0,2013-04-01 0:00,0,4e,N
R22,62.67143379,-114.1029966,VR2W-120489,4,2013-04-01 0:00,0,2013-05-01 0:00,0,4f,N
R22,62.67143379,-114.1029966,VR2W-120489,4,2013-05-01 0:00,0,2013-05-25 6:00,0,4g,N
R23,62.67261,-114.0994,VR2W-120488,12.7,2012-06-28 6:30,0,2012-09-11 17:30,0,2,N
R23,62.67262371,-114.0993555,VR2W-120488,12.3,2012-09-14 3:30,0,2012-10-27 0:18,0,3,N
R23,62.67265014,-114.0991828,VR2W-120488,17,2013-06-11 1:00,0,2013-09-24 14:51,0,5,N
R23,62.67262861,-114.0994603,VR2W-120488,14.2,2013-09-28 0:00,0,2013-11-01 0:00,0,6,N
R23,62.67262213,-114.0994426,VR2W-120488,14.2,2013-11-01 0:00,0,2014-06-11 23:00,0,7,N
R23,62.67258902,-114.0994745,VR2W-120488,14.2,2014-06-20 6:00,0,2014-09-25 16:00,0,8,N
R23,62.67266167,-114.0992418,VR2W-120488,12.3,2012-10-27 0:18,0,2012-10-30 7:34,0,4a,Y
R23,62.67247432,-114.098803,VR2W-120488,12.3,2012-10-30 9:40,0,2012-12-01 0:00,0,4a,N
R23,62.67247432,-114.098803,VR2W-120488,12.3,2012-12-01 0:00,0,2013-01-01 0:00,0,4b,N
R23,62.67247432,-114.098803,VR2W-120488,12.3,2013-01-01 0:00,0,2013-02-01 0:00,0,4c,N
R23,62.67247432,-114.098803,VR2W-120488,12.3,2013-02-01 0:00,0,2013-03-01 0:00,0,4d,N
R23,62.67247432,-114.098803,VR2W-120488,12.3,2013-03-01 0:00,0,2013-04-01 0:00,0,4e,N
R23,62.67247432,-114.098803,VR2W-120488,12.3,2013-04-01 0:00,0,2013-05-01 0:00,0,4f,N
R23,62.67247432,-114.098803,VR2W-120488,12.3,2013-05-01 0:00,0,2013-05-25 6:00,0,4g,N
R24,62.6747,-114.09691,VR2W-120511,11.3,2012-06-28 6:30,0,2012-09-11 17:30,0,2,N
R24,62.67468512,-114.09688,VR2W-120511,11.2,2012-09-14 3:30,0,2012-10-27 0:18,0,3,N
R24,62.67477928,-114.0966345,VR2W-120511,12,2013-06-11 1:00,0,2013-06-30 14:34,0,5,Y
R24,62.67479282,-114.0966893,VR2W-120511,12,2013-07-01 7:42,0,2013-09-24 14:51,0,5,N
R24,62.67472912,-114.0970463,VR2W-120511,12.5,2013-09-28 0:00,0,2013-11-01 0:00,0,6,N
R24,62.67473872,-114.0970009,VR2W-120511,12.5,2013-11-01 0:00,0,2014-06-11 23:00,0,7,N
R24,62.67467139,-114.0970548,VR2W-120511,12.5,2014-06-20 6:00,0,2014-09-25 16:00,0,8,N
R24,62.67474923,-114.0967876,VR2W-120511,11.2,2012-10-27 0:18,0,2012-10-30 16:27,0,4a,Y
R24,62.67449863,-114.0967425,VR2W-120511,11.2,2012-10-30 17:30,0,2012-12-01 0:00,0,4a,N
R24,62.67449863,-114.0967425,VR2W-120511,11.2,2012-12-01 0:00,0,2013-01-01 0:00,0,4b,N
R24,62.67449863,-114.0967425,VR2W-120511,11.2,2013-01-01 0:00,0,2013-02-01 0:00,0,4c,N
R24,62.67449863,-114.0967425,VR2W-120511,11.2,2013-02-01 0:00,0,2013-03-01 0:00,0,4d,N
R24,62.67449863,-114.0967425,VR2W-120511,11.2,2013-03-01 0:00,0,2013-04-01 0:00,0,4e,N
R24,62.67449863,-114.0967425,VR2W-120511,11.2,2013-04-01 0:00,0,2013-05-01 0:00,0,4f,N
R24,62.67449863,-114.0967425,VR2W-120511,11.2,2013-05-01 0:00,0,2013-05-25 6:00,0,4g,N
R25,62.67592,-114.09236,VR2W-119855,12.1,2012-06-28 6:30,0,2012-09-11 17:30,0,2,N
R25,62.67591885,-114.0923831,VR2W-119855,11.8,2012-09-14 3:30,0,2012-10-27 0:18,0,3,N
R25,62.67590079,-114.0922672,VR2W-122316,12.5,2013-09-28 0:00,0,2013-11-01 0:00,0,6,N
R25,62.67588646,-114.0924716,VR2W-122316,12.5,2013-11-01 0:00,0,2014-01-08 6:00,0,7,N
R25,62.67587331,-114.09239,VR2W-119855,12.5,2014-01-08 6:00,0,2014-06-11 23:00,0,7,N
R25,62.67588755,-114.0924071,VR2W-119855,12.5,2014-06-20 6:00,0,2014-09-25 16:00,0,8,N
R25,62.67598368,-114.0924158,VR2W-119855,11.8,2012-10-27 0:18,0,2012-12-01 0:00,0,4a,N
R25,62.67598368,-114.0924158,VR2W-119855,11.8,2012-12-01 0:00,0,2013-01-01 0:00,0,4b,N
R25,62.67598368,-114.0924158,VR2W-119855,11.8,2013-01-01 0:00,0,2013-02-01 0:00,0,4c,N
R25,62.67598368,-114.0924158,VR2W-119855,11.8,2013-02-01 0:00,0,2013-03-01 0:00,0,4d,N
R25,62.67598368,-114.0924158,VR2W-119855,11.8,2013-03-01 0:00,0,2013-04-01 0:00,0,4e,N
R25,62.67598368,-114.0924158,VR2W-119855,11.8,2013-04-01 0:00,0,2013-05-01 0:00,0,4f,N
R25,62.67598368,-114.0924158,VR2W-119855,11.8,2013-05-01 0:00,0,2013-05-25 6:00,0,4g,N
R25A,62.67589362,-114.0922133,VR2W-122317,13.7,2013-06-11 1:00,0,2013-09-24 14:51,0,5,N
R26,62.67669,-114.08696,VR2W-119897,10,2012-06-28 6:30,0,2012-09-11 17:30,0,2,N
R26,62.67671222,-114.0870344,VR2W-119897,10.6,2012-09-14 3:30,0,2012-10-27 0:18,0,3,N
R26,62.67682872,-114.0869058,VR2W-119897,11,2013-06-11 1:00,0,2013-09-24 14:51,0,5,N
R26,62.67673233,-114.0868552,VR2W-119897,9.8,2013-09-28 0:00,0,2013-11-01 0:00,0,6,N
R26,62.67674805,-114.0869724,VR2W-119897,9.8,2013-11-01 0:00,0,2014-06-11 23:00,0,7,N
R26,62.67672537,-114.0868289,VR2W-119897,9.8,2014-06-20 6:00,0,2014-09-25 16:00,0,8,N
R26,62.67674614,-114.0871196,VR2W-119897,10.6,2012-10-27 0:18,0,2012-12-01 0:00,0,4a,N
R26,62.67674614,-114.0871196,VR2W-119897,10.6,2012-12-01 0:00,0,2013-01-01 0:00,0,4b,N
R26,62.67674614,-114.0871196,VR2W-119897,10.6,2013-01-01 0:00,0,2013-02-01 0:00,0,4c,N
R26,62.67674614,-114.0871196,VR2W-119897,10.6,2013-02-01 0:00,0,2013-03-01 0:00,0,4d,N
R26,62.67674614,-114.0871196,VR2W-119897,10.6,2013-03-01 0:00,0,2013-04-01 0:00,0,4e,N
R26,62.67674614,-114.0871196,VR2W-119897,10.6,2013-04-01 0:00,0,2013-05-01 0:00,0,4f,N
R26,62.67674614,-114.0871196,VR2W-119897,10.6,2013-05-01 0:00,0,2013-05-25 6:00,0,4g,N
R27,62.6742,-114.08815,VR2W-120514,13.2,2012-06-28 6:30,0,2012-09-11 17:30,0,2,N
R27,62.67421022,-114.0882643,VR2W-120514,12,2012-09-14 3:30,0,2012-10-27 0:18,0,3,N
R27,62.67427182,-114.0880995,VR2W-120514,12.7,2013-06-11 1:00,0,2013-09-24 14:51,0,5,N
R27,62.67407172,-114.0878963,VR2W-120514,12.8,2013-09-28 0:00,0,2013-11-01 0:00,0,6,N
R27,62.67406036,-114.087953,VR2W-120514,12.8,2013-11-01 0:00,0,2014-06-11 23:00,0,7,N
R27,62.67406709,-114.08791,VR2W-120514,12.8,2014-06-20 6:00,0,2014-09-25 16:00,0,8,N
R27,62.67424453,-114.0884069,VR2W-120514,12,2012-10-27 0:18,0,2012-12-01 0:00,0,4a,N
R27,62.67424453,-114.0884069,VR2W-120514,12,2012-12-01 0:00,0,2013-01-01 0:00,0,4b,N
R27,62.67424453,-114.0884069,VR2W-120514,12,2013-01-01 0:00,0,2013-02-01 0:00,0,4c,N
R27,62.67424453,-114.0884069,VR2W-120514,12,2013-02-01 0:00,0,2013-03-01 0:00,0,4d,N
R27,62.67424453,-114.0884069,VR2W-120514,12,2013-03-01 0:00,0,2013-04-01 0:00,0,4e,N
R27,62.67424453,-114.0884069,VR2W-120514,12,2013-04-01 0:00,0,2013-05-01 0:00,0,4f,N
R27,62.67424453,-114.0884069,VR2W-120514,12,2013-05-01 0:00,0,2013-05-25 6:00,0,4g,N
R28,62.67582,-114.08204,VR2W-120512,9.3,2012-06-28 6:30,0,2012-09-11 17:30,0,2,N
R28,62.67582014,-114.0820519,VR2W-120512,9,2012-09-14 3:30,0,2012-10-27 0:18,0,3,N
R28,62.67593007,-114.0820103,VR2W-120512,13,2013-06-11 1:00,0,2013-09-24 14:51,0,5,N
R28,62.67579384,-114.0819714,VR2W-120512,8,2013-09-28 0:00,0,2013-11-01 0:00,0,6,N
R28,62.67581035,-114.0820049,VR2W-120512,8,2013-11-01 0:00,0,2014-06-11 23:00,0,7,N
R28,62.6758179,-114.0819941,VR2W-120512,8,2014-06-20 6:00,0,2014-09-25 16:00,0,8,N
R28,62.67587269,-114.0820848,VR2W-120512,9,2012-10-27 0:18,0,2012-12-01 0:00,0,4a,N
R28,62.67587269,-114.0820848,VR2W-120512,9,2012-12-01 0:00,0,2013-01-01 0:00,0,4b,N
R28,62.67587269,-114.0820848,VR2W-120512,9,2013-01-01 0:00,0,2013-02-01 0:00,0,4c,N
R28,62.67587269,-114.0820848,VR2W-120512,9,2013-02-01 0:00,0,2013-03-01 0:00,0,4d,N
R28,62.67587269,-114.0820848,VR2W-120512,9,2013-03-01 0:00,0,2013-04-01 0:00,0,4e,N
R28,62.67587269,-114.0820848,VR2W-120512,9,2013-04-01 0:00,0,2013-05-01 0:00,0,4f,N
R28,62.67587269,-114.0820848,VR2W-120512,9,2013-05-01 0:00,0,2013-05-25 6:00,0,4g,N
R29,62.67244,-114.08415,VR2W-120510,16,2012-06-28 6:30,0,2012-09-11 17:30,0,2,N
R29,62.67241329,-114.0839764,VR2W-120510,15.5,2012-09-14 3:30,0,2012-10-27 0:18,0,3,N
R29,62.67255403,-114.0841564,VR2W-120510,16,2013-06-11 1:00,0,2013-09-24 14:51,0,5,N
R29,62.67244704,-114.084038,VR2W-120510,15.7,2013-09-28 0:00,0,2013-11-01 0:00,0,6,N
R29,62.6724363,-114.0840592,VR2W-120510,15.7,2013-11-01 0:00,0,2014-06-11 23:00,0,7,N
R29,62.67235686,-114.0840035,VR2W-120510,15.7,2014-06-20 6:00,0,2014-09-25 16:00,0,8,N
R29,62.67241935,-114.0840631,VR2W-120510,15.5,2012-10-27 0:18,0,2012-12-01 0:00,0,4a,N
R29,62.67241935,-114.0840631,VR2W-120510,15.5,2012-12-01 0:00,0,2013-01-01 0:00,0,4b,N
R29,62.67241935,-114.0840631,VR2W-120510,15.5,2013-01-01 0:00,0,2013-02-01 0:00,0,4c,N
R29,62.67241935,-114.0840631,VR2W-120510,15.5,2013-02-01 0:00,0,2013-03-01 0:00,0,4d,N
R29,62.67241935,-114.0840631,VR2W-120510,15.5,2013-03-01 0:00,0,2013-04-01 0:00,0,4e,N
R29,62.67241935,-114.0840631,VR2W-120510,15.5,2013-04-01 0:00,0,2013-05-01 0:00,0,4f,N
R29,62.67241935,-114.0840631,VR2W-120510,15.5,2013-05-01 0:00,0,2013-05-25 6:00,0,4g,N
R3,62.68356,-114.09319,VR2W-120461,17,2012-06-28 6:30,0,2012-09-11 17:30,0,2,N
R3,62.68359177,-114.0931137,VR2W-120461,16.7,2012-09-14 3:30,0,2012-10-27 0:18,0,3,N
R3,62.68348729,-114.0929116,VR2W-120461,13.7,2013-06-11 1:00,0,2013-09-24 14:51,0,5,N
R3,62.683419,-114.0936423,VR2W-120461,16.7,2012-10-27 0:18,0,2012-12-01 0:00,0,4a,N
R3,62.683419,-114.0936423,VR2W-120461,16.7,2012-12-01 0:00,0,2013-01-01 0:00,0,4b,N
R3,62.683419,-114.0936423,VR2W-120461,16.7,2013-01-01 0:00,0,2013-02-01 0:00,0,4c,N
R3,62.683419,-114.0936423,VR2W-120461,16.7,2013-02-01 0:00,0,2013-03-01 0:00,0,4d,N
R3,62.683419,-114.0936423,VR2W-120461,16.7,2013-03-01 0:00,0,2013-04-01 0:00,0,4e,N
R3,62.683419,-114.0936423,VR2W-120461,16.7,2013-04-01 0:00,0,2013-05-01 0:00,0,4f,N
R3,62.683419,-114.0936423,VR2W-120461,16.7,2013-05-01 0:00,0,2013-05-25 6:00,0,4g,N
R3,62.68356793,-114.0930791,VR2W-120461,16.4,2013-09-28 0:00,0,2013-11-01 0:00,0,6,N
R3,62.68356247,-114.0930453,VR2W-120461,16.4,2013-11-01 0:00,0,2014-06-11 23:00,0,7,N
R3,62.68357718,-114.0931087,VR2W-120461,16.4,2014-06-20 6:00,0,2014-09-24 17:32,0,8,N
R3,62.68357718,-114.0931087,VR2W-120461,16.4,2014-09-24 20:07,0,2014-09-25 16:00,0,8,Y
R30,62.67367,-114.0799,VR2W-119899,11.7,2012-06-28 6:30,0,2012-09-11 17:30,0,2,N
R30,62.6736991,-114.0800902,VR2W-119899,12.2,2012-09-14 3:30,0,2012-10-27 0:18,0,3,N
R30,62.67372936,-114.0801095,VR2W-119899,9.7,2013-06-11 1:00,0,2013-09-24 14:51,0,5,N
R30,62.67358331,-114.079934,VR2W-119899,9.3,2013-09-28 0:00,0,2013-11-01 0:00,0,6,N
R30,62.67357548,-114.079922,VR2W-119899,9.3,2013-11-01 0:00,0,2014-06-11 23:00,0,7,N
R30,62.67357723,-114.0801606,VR2W-119899,11.8,2014-06-20 6:00,0,2014-09-25 16:00,0,8,N
R30,62.67371514,-114.080097,VR2W-119899,12.2,2012-10-27 0:18,0,2012-12-01 0:00,0,4a,N
R30,62.67371514,-114.080097,VR2W-119899,12.2,2012-12-01 0:00,0,2013-01-01 0:00,0,4b,N
R30,62.67371514,-114.080097,VR2W-119899,12.2,2013-01-01 0:00,0,2013-02-01 0:00,0,4c,N
R30,62.67371514,-114.080097,VR2W-119899,12.2,2013-02-01 0:00,0,2013-03-01 0:00,0,4d,N
R30,62.67371514,-114.080097,VR2W-119899,12.2,2013-03-01 0:00,0,2013-04-01 0:00,0,4e,N
R30,62.67371514,-114.080097,VR2W-119899,12.2,2013-04-01 0:00,0,2013-05-01 0:00,0,4f,N
R30,62.67371514,-114.080097,VR2W-119899,12.2,2013-05-01 0:00,0,2013-05-25 6:00,0,4g,N
R31,62.67205,-114.08014,VR2W-120520,3,2012-06-28 6:30,0,2012-09-11 17:30,0,2,N
R31,62.67204487,-114.0800081,VR2W-120520,3,2012-09-14 3:30,0,2012-10-27 0:18,0,3,N
R31,62.67229563,-114.0801912,VR2W-120520,3.6,2013-06-11 1:00,0,2013-09-24 14:51,0,5,N
R31,62.67214633,-114.0800669,VR2W-120520,3.8,2013-09-28 0:00,0,2013-11-01 0:00,0,6,N
R31,62.67213624,-114.0800538,VR2W-120520,3.8,2013-11-01 0:00,0,2014-06-11 23:00,0,7,N
R31,62.67219716,-114.0800764,VR2W-120520,3.5,2014-06-20 6:00,0,2014-09-25 16:00,0,8,N
R31,62.67204744,-114.0800368,VR2W-120520,3,2012-10-27 0:18,0,2012-12-01 0:00,0,4a,N
R31,62.67204744,-114.0800368,VR2W-120520,3,2012-12-01 0:00,0,2013-01-01 0:00,0,4b,N
R31,62.67204744,-114.0800368,VR2W-120520,3,2013-01-01 0:00,0,2013-02-01 0:00,0,4c,N
R31,62.67204744,-114.0800369,VR2W-120520,3,2013-02-01 0:00,0,2013-03-01 0:00,0,4d,N
R31,62.67204744,-114.0800368,VR2W-120520,3,2013-03-01 0:00,0,2013-04-01 0:00,0,4e,N
R31,62.67204744,-114.0800368,VR2W-120520,3,2013-04-01 0:00,0,2013-05-01 0:00,0,4f,N
R31,62.67204744,-114.0800368,VR2W-120520,3,2013-05-01 0:00,0,2013-05-25 6:00,0,4g,N
R32,62.67229,-114.07769,VR2W-120470,7.6,2012-06-28 6:30,0,2012-09-11 17:30,0,2,N
R32,62.67210694,-114.0777947,VR2W-120470,7.5,2012-09-14 3:30,0,2012-10-27 0:18,0,3,N
R32,62.67232376,-114.0779294,VR2W-120470,7.2,2013-06-11 1:00,0,2013-09-24 14:51,0,5,N
R32,62.67220352,-114.0776674,VR2W-120470,5.8,2013-09-28 0:00,0,2013-11-01 0:00,0,6,N
R32,62.67221848,-114.0777275,VR2W-120470,5.8,2013-11-01 0:00,0,2014-06-11 23:00,0,7,N
R32,62.67221828,-114.0777305,VR2W-120470,6,2014-06-20 6:00,0,2014-09-25 16:00,0,8,N
R32,62.67229942,-114.0776915,VR2W-120470,7.5,2012-10-27 0:18,0,2012-12-01 0:00,0,4a,N
R32,62.67229942,-114.0776915,VR2W-120470,7.5,2012-12-01 0:00,0,2013-01-01 0:00,0,4b,N
R32,62.67229942,-114.0776915,VR2W-120470,7.5,2013-01-01 0:00,0,2013-02-01 0:00,0,4c,N
R32,62.67229942,-114.0776915,VR2W-120470,7.5,2013-02-01 0:00,0,2013-03-01 0:00,0,4d,N
R32,62.67229942,-114.0776915,VR2W-120470,7.5,2013-03-01 0:00,0,2013-04-01 0:00,0,4e,N
R32,62.67229942,-114.0776915,VR2W-120470,7.5,2013-04-01 0:00,0,2013-05-01 0:00,0,4f,N
R32,62.67229942,-114.0776915,VR2W-120470,7.5,2013-05-01 0:00,0,2013-05-25 6:00,0,4g,N
R33,62.67237,-114.07283,VR2W-120475,13.1,2012-06-28 6:30,0,2012-09-11 17:30,0,2,N
R33,62.67223114,-114.0728665,VR2W-120475,12.5,2012-09-14 3:30,0,2012-10-27 0:18,0,3,N
R33,62.67237227,-114.0728215,VR2W-120475,13.7,2013-06-11 1:00,0,2013-09-24 14:51,0,5,N
R33,62.6722168,-114.0725573,VR2W-120475,11.7,2013-09-28 0:00,0,2013-11-01 0:00,0,6,N
R33,62.67224379,-114.0725247,VR2W-120475,11.7,2013-11-01 0:00,0,2014-06-11 23:00,0,7,N
R33,62.67238588,-114.0724983,VR2W-120475,11.7,2014-06-20 6:00,0,2014-09-25 16:00,0,8,N
R33,62.67233573,-114.0726418,VR2W-120475,12.5,2012-10-27 0:18,0,2012-12-01 0:00,0,4a,N
R33,62.67233573,-114.0726418,VR2W-120475,12.5,2012-12-01 0:00,0,2013-01-01 0:00,0,4b,N
R33,62.67233573,-114.0726418,VR2W-120475,12.5,2013-01-01 0:00,0,2013-02-01 0:00,0,4c,N
R33,62.67233573,-114.0726418,VR2W-120475,12.5,2013-02-01 0:00,0,2013-03-01 0:00,0,4d,N
R33,62.67233573,-114.0726418,VR2W-120475,12.5,2013-03-01 0:00,0,2013-04-01 0:00,0,4e,N
R33,62.67233573,-114.0726418,VR2W-120475,12.5,2013-04-01 0:00,0,2013-05-01 0:00,0,4f,N
R33,62.67233573,-114.0726418,VR2W-120475,12.5,2013-05-01 0:00,0,2013-05-25 6:00,0,4g,N
R34,62.6707,-114.07047,VR2W-120481,5.2,2012-06-28 6:30,0,2012-09-11 17:30,0,2,N
R34,62.67059914,-114.0705623,VR2W-120481,4.4,2012-09-14 3:30,0,2012-10-27 0:18,0,3,N
R34,62.67073033,-114.0707848,VR2W-120481,6.2,2013-06-11 1:00,0,2013-09-24 14:51,0,5,N
R34,62.67059552,-114.0705191,VR2W-120481,4.5,2013-09-28 0:00,0,2013-11-01 0:00,0,6,N
R34,62.67057349,-114.0704853,VR2W-120481,4.5,2013-11-01 0:00,0,2014-06-11 23:00,0,7,N
R34,62.67062312,-114.0704316,VR2W-120481,4.5,2014-06-20 6:00,0,2014-09-25 16:00,0,8,N
R34,62.67057491,-114.0705857,VR2W-120481,4.4,2012-10-27 0:18,0,2012-12-01 0:00,0,4a,N
R34,62.67057491,-114.0705857,VR2W-120481,4.4,2012-12-01 0:00,0,2013-01-01 0:00,0,4b,N
R34,62.67057491,-114.0705857,VR2W-120481,4.4,2013-01-01 0:00,0,2013-02-01 0:00,0,4c,N
R34,62.67057491,-114.0705857,VR2W-120481,4.4,2013-02-01 0:00,0,2013-03-01 0:00,0,4d,N
R34,62.67057491,-114.0705857,VR2W-120481,4.4,2013-03-01 0:00,0,2013-04-01 0:00,0,4e,N
R34,62.67057491,-114.0705857,VR2W-120481,4.4,2013-04-01 0:00,0,2013-05-01 0:00,0,4f,N
R34,62.67057491,-114.0705857,VR2W-120481,4.4,2013-05-01 0:00,0,2013-05-25 6:00,0,4g,N
R35,62.66989,-114.06649,VR2W-120479,13.5,2012-06-28 6:30,0,2012-09-11 17:30,0,2,N
R35,62.66987051,-114.0665218,VR2W-120479,11.5,2012-09-14 3:30,0,2012-10-27 0:18,0,3,N
R35,62.66987803,-114.0667591,VR2W-120479,11.7,2013-06-11 1:00,0,2013-09-24 14:51,0,5,N
R35,62.66979589,-114.0662639,VR2W-120479,13.6,2013-09-28 0:00,0,2013-11-01 0:00,0,6,N
R35,62.66979473,-114.0662783,VR2W-120479,13.6,2013-11-01 0:00,0,2014-06-11 23:00,0,7,N
R35,62.66974693,-114.066372,VR2W-120479,13.6,2014-06-20 6:00,0,2014-09-25 16:00,0,8,N
R35,62.66990262,-114.0665027,VR2W-120479,11.5,2012-10-27 0:18,0,2012-12-01 0:00,0,4a,N
R35,62.66990262,-114.0665027,VR2W-120479,11.5,2012-12-01 0:00,0,2013-01-01 0:00,0,4b,N
R35,62.66990262,-114.0665027,VR2W-120479,11.5,2013-01-01 0:00,0,2013-02-01 0:00,0,4c,N
R35,62.66990262,-114.0665027,VR2W-120479,11.5,2013-02-01 0:00,0,2013-03-01 0:00,0,4d,N
R35,62.66990262,-114.0665027,VR2W-120479,11.5,2013-03-01 0:00,0,2013-04-01 0:00,0,4e,N
R35,62.66990262,-114.0665027,VR2W-120479,11.5,2013-04-01 0:00,0,2013-05-01 0:00,0,4f,N
R35,62.66990262,-114.0665027,VR2W-120479,11.5,2013-05-01 0:00,0,2013-05-25 6:00,0,4g,N
R36,62.66784,-114.06316,VR2W-120507,4.2,2012-06-28 6:30,0,2012-09-11 17:30,0,2,N
R36,62.66783169,-114.0631404,VR2W-120507,4.4,2012-09-14 3:30,0,2012-10-27 0:18,0,3,N
R36,62.66782035,-114.0635642,VR2W-120507,4.2,2013-06-11 1:00,0,2013-09-24 14:51,0,5,N
R36,62.66770855,-114.0630634,VR2W-120507,4.4,2013-09-28 0:00,0,2013-11-01 0:00,0,6,N
R36,62.66770342,-114.0630811,VR2W-120507,4.4,2013-11-01 0:00,0,2014-06-11 23:00,0,7,N
R36,62.66769072,-114.06306,VR2W-120507,4.4,2014-06-20 6:00,0,2014-09-25 16:00,0,8,N
R36,62.66788236,-114.0631113,VR2W-120507,4.4,2012-10-27 0:18,0,2012-12-01 0:00,0,4a,N
R36,62.66788236,-114.0631113,VR2W-120507,4.4,2012-12-01 0:00,0,2013-01-01 0:00,0,4b,N
R36,62.66788236,-114.0631113,VR2W-120507,4.4,2013-01-01 0:00,0,2013-02-01 0:00,0,4c,N
R36,62.66788236,-114.0631113,VR2W-120507,4.4,2013-02-01 0:00,0,2013-03-01 0:00,0,4d,N
R36,62.66788236,-114.0631113,VR2W-120507,4.4,2013-03-01 0:00,0,2013-04-01 0:00,0,4e,N
R36,62.66788236,-114.0631113,VR2W-120507,4.4,2013-04-01 0:00,0,2013-05-01 0:00,0,4f,N
R36,62.66788236,-114.0631113,VR2W-120507,4.4,2013-05-01 0:00,0,2013-05-25 6:00,0,4g,N
R37,62.6706,-114.05907,VR2W-120487,12.9,2012-06-28 6:30,0,2012-09-11 17:30,0,2,N
R37,62.67061453,-114.0590294,VR2W-120487,12,2012-09-14 3:30,0,2012-10-27 0:18,0,3,N
R37,62.67047277,-114.0594911,VR2W-120487,13.2,2013-06-11 1:00,0,2013-09-24 14:51,0,5,N
R37,62.67044186,-114.0591028,VR2W-120487,12.7,2013-09-28 0:00,0,2013-11-01 0:00,0,6,N
R37,62.67046429,-114.0591127,VR2W-120487,12.7,2013-11-01 0:00,0,2014-06-11 23:00,0,7,N
R37,62.67036761,-114.059035,VR2W-120487,12.7,2014-06-20 6:00,0,2014-09-25 16:00,0,8,N
R37,62.67065654,-114.0590623,VR2W-120487,12,2012-10-27 0:18,0,2012-10-28 18:12,0,4a,Y
R37,62.67065654,-114.0590623,VR2W-120487,12,2012-10-28 20:25,0,2012-12-01 0:00,0,4a,N
R37,62.67065654,-114.0590623,VR2W-120487,12,2012-12-01 0:00,0,2013-01-01 0:00,0,4b,N
R37,62.67065654,-114.0590623,VR2W-120487,12,2013-01-01 0:00,0,2013-02-01 0:00,0,4c,N
R37,62.67065654,-114.0590623,VR2W-120487,12,2013-02-01 0:00,0,2013-03-01 0:00,0,4d,N
R37,62.67065654,-114.0590623,VR2W-120487,12,2013-03-01 0:00,0,2013-04-01 0:00,0,4e,N
R37,62.67065654,-114.0590623,VR2W-120487,12,2013-04-01 0:00,0,2013-05-01 0:00,0,4f,N
R37,62.67065654,-114.0590623,VR2W-120487,12,2013-05-01 0:00,0,2013-05-25 6:00,0,4g,N
R38,62.66804,-114.05844,VR2W-120506,8.1,2012-06-28 6:30,0,2012-09-11 17:30,0,2,N
R38,62.66801092,-114.0581709,VR2W-120506,7,2012-09-14 3:30,0,2012-10-27 0:18,0,3,N
R38,62.66805301,-114.0586393,VR2W-120506,8.4,2013-06-11 1:00,0,2013-09-24 14:51,0,5,N
R38,62.6679711,-114.0581084,VR2W-120506,8.5,2013-09-28 0:00,0,2013-11-01 0:00,0,6,N
R38,62.66798247,-114.0581018,VR2W-120506,8.5,2013-11-01 0:00,0,2014-06-11 23:00,0,7,N
R38,62.66802236,-114.0579633,VR2W-120506,8.5,2014-06-20 6:00,0,2014-06-26 6:31,0,8,Y
R38,62.66803158,-114.0579597,VR2W-120506,8.5,2014-06-26 8:08,0,2014-09-25 16:00,0,8,N
R38,62.66807492,-114.0581804,VR2W-120506,7,2012-10-27 0:18,0,2012-10-28 18:12,0,4a,Y
R38,62.66807492,-114.0581804,VR2W-120506,7,2012-10-28 20:25,0,2012-12-01 0:00,0,4a,N
R38,62.66807492,-114.0581804,VR2W-120506,7,2012-12-01 0:00,0,2013-01-01 0:00,0,4b,N
R38,62.66807492,-114.0581804,VR2W-120506,7,2013-01-01 0:00,0,2013-02-01 0:00,0,4c,N
R38,62.66807492,-114.0581804,VR2W-120506,7,2013-02-01 0:00,0,2013-03-01 0:00,0,4d,N
R38,62.66807492,-114.0581804,VR2W-120506,7,2013-03-01 0:00,0,2013-04-01 0:00,0,4e,N
R38,62.66807492,-114.0581804,VR2W-120506,7,2013-04-01 0:00,0,2013-05-01 0:00,0,4f,N
R38,62.66807492,-114.0581804,VR2W-120506,7,2013-05-01 0:00,0,2013-05-25 6:00,0,4g,N
R39,62.66722,-114.05553,VR2W-120497,6.1,2012-06-28 6:30,0,2012-09-11 17:30,0,2,N
R39,62.66729196,-114.0554825,VR2W-120497,5.9,2012-09-14 3:30,0,2012-10-27 0:18,0,3,N
R39,62.6672727,-114.0558577,VR2W-120497,6.4,2013-06-11 1:00,0,2013-09-24 14:51,0,5,N
R39,62.66717111,-114.0551774,VR2W-120497,6,2013-09-28 0:00,0,2013-11-01 0:00,0,6,N
R39,62.6671852,-114.0552239,VR2W-120497,6,2013-11-01 0:00,0,2014-06-11 23:00,0,7,N
R39,62.66719752,-114.0552375,VR2W-120497,6,2014-06-20 6:00,0,2014-09-25 16:00,0,8,N
R39,62.66739509,-114.0555764,VR2W-120497,5.9,2012-10-27 0:18,0,2012-12-01 0:00,0,4a,N
R39,62.66739509,-114.0555764,VR2W-120497,5.9,2012-12-01 0:00,0,2013-01-01 0:00,0,4b,N
R39,62.66739509,-114.0555764,VR2W-120497,5.9,2013-01-01 0:00,0,2013-02-01 0:00,0,4c,N
R39,62.66739509,-114.0555764,VR2W-120497,5.9,2013-02-01 0:00,0,2013-03-01 0:00,0,4d,N
R39,62.66739509,-114.0555764,VR2W-120497,5.9,2013-03-01 0:00,0,2013-04-01 0:00,0,4e,N
R39,62.66739509,-114.0555764,VR2W-120497,5.9,2013-04-01 0:00,0,2013-05-01 0:00,0,4f,N
R39,62.66739509,-114.0555764,VR2W-120497,5.9,2013-05-01 0:00,0,2013-05-25 6:00,0,4g,N
R4,62.68256,-114.09158,VR2W-120466,6.5,2012-06-28 6:30,0,2012-09-11 17:30,0,2,N
R4,62.6825556,-114.0915059,VR2W-120466,6.3,2012-09-14 3:30,0,2012-10-27 0:18,0,3,N
R4,62.68246788,-114.0913431,VR2W-120466,10,2013-06-11 1:00,0,2013-09-24 14:51,0,5,N
R4,62.68238461,-114.0918311,VR2W-120466,6.3,2012-10-27 0:18,0,2012-12-01 0:00,0,4a,N
R4,62.68238461,-114.0918311,VR2W-120466,6.3,2012-12-01 0:00,0,2013-01-01 0:00,0,4b,N
R4,62.68238461,-114.0918311,VR2W-120466,6.3,2013-01-01 0:00,0,2013-02-01 0:00,0,4c,N
R4,62.68238461,-114.0918311,VR2W-120466,6.3,2013-02-01 0:00,0,2013-03-01 0:00,0,4d,N
R4,62.68238461,-114.0918311,VR2W-120466,6.3,2013-03-01 0:00,0,2013-04-01 0:00,0,4e,N
R4,62.68238461,-114.0918311,VR2W-120466,6.3,2013-04-01 0:00,0,2013-05-01 0:00,0,4f,N
R4,62.68238461,-114.0918311,VR2W-120466,6.3,2013-05-01 0:00,0,2013-05-25 6:00,0,4g,N
R4,62.68247922,-114.0916376,VR2W-120466,5.3,2013-09-28 0:00,0,2013-11-01 0:00,0,6,N
R4,62.68248521,-114.0916176,VR2W-120466,5.3,2013-11-01 0:00,0,2014-06-11 23:00,0,7,N
R4,62.68244882,-114.0916649,VR2W-120466,6.3,2014-06-20 6:00,0,2014-09-25 16:00,0,8,N
R40,62.67156,-114.05978,VR2W-120486,1.7,2012-06-28 6:30,0,2012-09-11 17:30,0,2,N
R40,62.67152321,-114.0599555,VR2W-120486,2.5,2012-09-14 3:30,0,2012-10-27 0:18,0,3,N
R40,62.67156125,-114.0602354,VR2W-120486,4,2013-06-11 1:00,0,2013-09-24 14:51,0,5,N
R40,62.67157613,-114.0598941,VR2W-120486,3.3,2013-09-28 0:00,0,2013-11-01 0:00,0,6,N
R40,62.67154011,-114.0598561,VR2W-120486,3.3,2013-11-01 0:00,0,2014-06-11 23:00,0,7,N
R40,62.67157599,-114.0599185,VR2W-120486,3.3,2014-06-20 6:00,0,2014-09-25 16:00,0,8,N
R40,62.67129955,-114.0596727,VR2W-120486,2.5,2012-10-27 0:18,0,2012-12-01 0:00,0,4a,N
R40,62.67129955,-114.0596727,VR2W-120486,2.5,2012-12-01 0:00,0,2013-01-01 0:00,0,4b,N
R40,62.67129955,-114.0596727,VR2W-120486,2.5,2013-01-01 0:00,0,2013-02-01 0:00,0,4c,N
R40,62.67129955,-114.0596727,VR2W-120486,2.5,2013-02-01 0:00,0,2013-03-01 0:00,0,4d,N
R40,62.67129955,-114.0596727,VR2W-120486,2.5,2013-03-01 0:00,0,2013-04-01 0:00,0,4e,N
R40,62.67129955,-114.0596727,VR2W-120486,2.5,2013-04-01 0:00,0,2013-05-01 0:00,0,4f,N
R40,62.67129955,-114.0596727,VR2W-120486,2.5,2013-05-01 0:00,0,2013-05-25 6:00,0,4g,N
R41,62.67353,-114.0663,VR2W-120483,18.8,2012-06-28 6:30,0,2012-09-11 17:30,0,2,N
R41,62.67352547,-114.0664069,VR2W-120483,18,2012-09-14 3:30,0,2012-10-27 0:18,0,3,N
R41,62.67339136,-114.0664555,VR2W-120483,18.5,2013-06-11 1:00,0,2013-09-24 14:51,0,5,N
R41,62.67344471,-114.0661229,VR2W-120483,19.5,2013-09-28 0:00,0,2013-11-01 0:00,0,6,N
R41,62.67346152,-114.0660571,VR2W-120483,19.5,2013-11-01 0:00,0,2014-06-11 23:00,0,7,N
R41,62.67342261,-114.0660393,VR2W-120483,19.5,2014-06-20 6:00,0,2014-09-25 16:00,0,8,N
R41,62.6735035,-114.0663261,VR2W-120483,18,2012-10-27 0:18,0,2012-12-01 0:00,0,4a,N
R41,62.6735035,-114.0663261,VR2W-120483,18,2012-12-01 0:00,0,2013-01-01 0:00,0,4b,N
R41,62.6735035,-114.0663261,VR2W-120483,18,2013-01-01 0:00,0,2013-02-01 0:00,0,4c,N
R41,62.6735035,-114.0663261,VR2W-120483,18,2013-02-01 0:00,0,2013-03-01 0:00,0,4d,N
R41,62.6735035,-114.0663261,VR2W-120483,18,2013-03-01 0:00,0,2013-04-01 0:00,0,4e,N
R41,62.6735035,-114.0663261,VR2W-120483,18,2013-04-01 0:00,0,2013-05-01 0:00,0,4f,N
R41,62.6735035,-114.0663261,VR2W-120483,18,2013-05-01 0:00,0,2013-05-25 6:00,0,4g,N
R42,62.67444,-114.05826,VR2W-120473,2.8,2012-06-28 6:30,0,2012-09-11 17:30,0,2,N
R42,62.67447071,-114.05828,VR2W-120473,2.7,2012-09-14 3:30,0,2012-10-27 0:18,0,3,N
R42,62.67427866,-114.0586344,VR2W-120473,3.5,2013-06-11 1:00,0,2013-09-24 14:51,0,5,N
R42,62.67440554,-114.0584398,VR2W-120473,3.5,2013-09-28 0:00,0,2013-11-01 0:00,0,6,N
R42,62.67439667,-114.0584528,VR2W-120473,3.5,2013-11-01 0:00,0,2014-06-11 23:00,0,7,N
R42,62.67431486,-114.058341,VR2W-120473,3.3,2014-06-20 6:00,0,2014-09-25 16:00,0,8,N
R42,62.67444391,-114.058066,VR2W-120473,2.7,2012-10-27 0:18,0,2012-12-01 0:00,0,4a,N
R42,62.67444391,-114.058066,VR2W-120473,2.7,2012-12-01 0:00,0,2013-01-01 0:00,0,4b,N
R42,62.67444391,-114.058066,VR2W-120473,2.7,2013-01-01 0:00,0,2013-02-01 0:00,0,4c,N
R42,62.67444391,-114.058066,VR2W-120473,2.7,2013-02-01 0:00,0,2013-03-01 0:00,0,4d,N
R42,62.67444391,-114.058066,VR2W-120473,2.7,2013-03-01 0:00,0,2013-04-01 0:00,0,4e,N
R42,62.67444391,-114.058066,VR2W-120473,2.7,2013-04-01 0:00,0,2013-05-01 0:00,0,4f,N
R42,62.67444391,-114.058066,VR2W-120473,2.7,2013-05-01 0:00,0,2013-05-25 6:00,0,4g,N
R43,62.67599,-114.06378,VR2W-120505,19.4,2012-06-28 6:30,0,2012-09-11 17:30,0,2,N
R43,62.67595778,-114.0638178,VR2W-120505,19.3,2012-09-14 3:30,0,2012-10-27 0:18,0,3,N
R43,62.67594565,-114.0638288,VR2W-120505,19.8,2013-06-11 1:00,0,2013-09-24 14:51,0,5,N
R43,62.67596956,-114.0636891,VR2W-120505,19.5,2013-09-28 0:00,0,2013-11-01 0:00,0,6,N
R43,62.67596882,-114.0636739,VR2W-120505,19.5,2013-11-01 0:00,0,2014-06-11 23:00,0,7,N
R43,62.67595623,-114.0635849,VR2W-120505,19.5,2014-06-20 6:00,0,2014-09-25 16:00,0,8,N
R43,62.6759507,-114.0636796,VR2W-120505,19.3,2012-10-27 0:18,0,2012-12-01 0:00,0,4a,N
R43,62.6759507,-114.0636796,VR2W-120505,19.3,2012-12-01 0:00,0,2013-01-01 0:00,0,4b,N
R43,62.6759507,-114.0636796,VR2W-120505,19.3,2013-01-01 0:00,0,2013-02-01 0:00,0,4c,N
R43,62.6759507,-114.0636796,VR2W-120505,19.3,2013-02-01 0:00,0,2013-03-01 0:00,0,4d,N
R43,62.6759507,-114.0636796,VR2W-120505,19.3,2013-03-01 0:00,0,2013-04-01 0:00,0,4e,N
R43,62.6759507,-114.0636796,VR2W-120505,19.3,2013-04-01 0:00,0,2013-05-01 0:00,0,4f,N
R43,62.6759507,-114.0636796,VR2W-120505,19.3,2013-05-01 0:00,0,2013-05-25 6:00,0,4g,N
R44,62.67569,-114.07145,VR2W-120504,16.9,2012-06-28 6:30,0,2012-09-11 17:30,0,2,N
R44,62.67577062,-114.07151,VR2W-120504,17,2012-09-14 3:30,0,2012-10-27 0:18,0,3,N
R44,62.67581511,-114.0716451,VR2W-120504,17.5,2013-06-11 1:00,0,2013-09-24 14:51,0,5,N
R44,62.67588965,-114.0712774,VR2W-120504,17.7,2013-09-28 0:00,0,2013-11-01 0:00,0,6,N
R44,62.67588769,-114.0713257,VR2W-120504,17.7,2013-11-01 0:00,0,2014-06-11 23:00,0,7,N
R44,62.67590839,-114.0713831,VR2W-120504,17.7,2014-06-20 6:00,0,2014-09-25 16:00,0,8,N
R44,62.67578394,-114.0714503,VR2W-120504,17,2012-10-27 0:18,0,2012-12-01 0:00,0,4a,N
R44,62.67578394,-114.0714503,VR2W-120504,17,2012-12-01 0:00,0,2013-01-01 0:00,0,4b,N
R44,62.67578394,-114.0714503,VR2W-120504,17,2013-01-01 0:00,0,2013-02-01 0:00,0,4c,N
R44,62.67578394,-114.0714503,VR2W-120504,17,2013-02-01 0:00,0,2013-03-01 0:00,0,4d,N
R44,62.67578394,-114.0714503,VR2W-120504,17,2013-03-01 0:00,0,2013-04-01 0:00,0,4e,N
R44,62.67578394,-114.0714503,VR2W-120504,17,2013-04-01 0:00,0,2013-05-01 0:00,0,4f,N
R44,62.67578394,-114.0714503,VR2W-120504,17,2013-05-01 0:00,0,2013-05-25 6:00,0,4g,N
R45,62.67406,-114.07468,VR2W-120518,5.2,2012-06-28 6:30,0,2012-09-11 17:30,0,2,N
R45,62.67399717,-114.0747228,VR2W-120518,5.5,2012-09-14 3:30,0,2012-10-27 0:18,0,3,N
R45,62.67404207,-114.0748912,VR2W-120518,5,2013-06-11 1:00,0,2013-09-24 14:51,0,5,N
R45,62.67407205,-114.0746781,VR2W-120518,5.8,2013-09-28 0:00,0,2013-11-01 0:00,0,6,N
R45,62.67398431,-114.0747591,VR2W-120518,5.8,2013-11-01 0:00,0,2014-06-11 23:00,0,7,N
R45,62.67399329,-114.0747573,VR2W-120518,4.3,2014-06-20 6:00,0,2014-09-25 16:00,0,8,N
R45,62.67409676,-114.0747242,VR2W-120518,5.5,2012-10-27 0:18,0,2012-12-01 0:00,0,4a,N
R45,62.67409676,-114.0747242,VR2W-120518,5.5,2012-12-01 0:00,0,2013-01-01 0:00,0,4b,N
R45,62.67409676,-114.0747242,VR2W-120518,5.5,2013-01-01 0:00,0,2013-02-01 0:00,0,4c,N
R45,62.67409676,-114.0747242,VR2W-120518,5.5,2013-02-01 0:00,0,2013-03-01 0:00,0,4d,N
R45,62.67409676,-114.0747242,VR2W-120518,5.5,2013-03-01 0:00,0,2013-04-01 0:00,0,4e,N
R45,62.67409676,-114.0747242,VR2W-120518,5.5,2013-04-01 0:00,0,2013-05-01 0:00,0,4f,N
R45,62.67409676,-114.0747242,VR2W-120518,5.5,2013-05-01 0:00,0,2013-05-25 6:00,0,4g,N
R46,62.669,-114.05652,VR2W-120493,5.1,2012-06-28 6:30,0,2012-09-11 17:30,0,2,N
R46,62.66906842,-114.0566375,VR2W-120493,5.6,2012-09-14 3:30,0,2012-10-27 0:18,0,3,N
R46,62.66895236,-114.0572849,VR2W-120493,6,2013-06-11 1:00,0,2013-09-24 14:51,0,5,N
R46,62.66891619,-114.0567397,VR2W-120493,6.4,2013-09-28 0:00,0,2013-11-01 0:00,0,6,N
R46,62.66892554,-114.0567241,VR2W-120493,6.4,2013-11-01 0:00,0,2014-06-11 23:00,0,7,N
R46,62.66893685,-114.056377,VR2W-120493,3.8,2014-06-20 6:00,0,2014-09-25 16:00,0,8,N
R46,62.6691272,-114.0566543,VR2W-120493,5.6,2012-10-27 0:18,0,2012-12-01 0:00,0,4a,N
R46,62.6691272,-114.0566543,VR2W-120493,5.6,2012-12-01 0:00,0,2013-01-01 0:00,0,4b,N
R46,62.6691272,-114.0566543,VR2W-120493,5.6,2013-01-01 0:00,0,2013-02-01 0:00,0,4c,N
R46,62.6691272,-114.0566543,VR2W-120493,5.6,2013-02-01 0:00,0,2013-03-01 0:00,0,4d,N
R46,62.6691272,-114.0566543,VR2W-120493,5.6,2013-03-01 0:00,0,2013-04-01 0:00,0,4e,N
R46,62.6691272,-114.0566543,VR2W-120493,5.6,2013-04-01 0:00,0,2013-05-01 0:00,0,4f,N
R46,62.6691272,-114.0566543,VR2W-120493,5.6,2013-05-01 0:00,0,2013-05-25 6:00,0,4g,N
R47,62.67631,-114.07656,VR2W-120465,7.2,2012-06-28 6:30,0,2012-09-11 17:30,0,2,N
R47,62.67632892,-114.0766566,VR2W-120465,7.5,2012-09-14 3:30,0,2012-10-27 0:18,0,3,N
R47,62.67635496,-114.0767522,VR2W-120465,8,2013-06-11 1:00,0,2013-09-24 14:51,0,5,N
R47,62.67620777,-114.0765653,VR2W-120465,7.3,2013-09-28 0:00,0,2013-11-01 0:00,0,6,N
R47,62.67622739,-114.0766382,VR2W-120465,7.3,2013-11-01 0:00,0,2014-06-11 23:00,0,7,N
R47,62.67623591,-114.076705,VR2W-120465,7.3,2014-06-20 6:00,0,2014-09-25 16:00,0,8,N
R47,62.67638424,-114.0766399,VR2W-120465,7.5,2012-10-27 0:18,0,2012-12-01 0:00,0,4a,N
R47,62.67638424,-114.0766399,VR2W-120465,7.5,2012-12-01 0:00,0,2013-01-01 0:00,0,4b,N
R47,62.67638424,-114.0766399,VR2W-120465,7.5,2013-01-01 0:00,0,2013-02-01 0:00,0,4c,N
R47,62.67638424,-114.0766399,VR2W-120465,7.5,2013-02-01 0:00,0,2013-03-01 0:00,0,4d,N
R47,62.67638424,-114.0766399,VR2W-120465,7.5,2013-03-01 0:00,0,2013-04-01 0:00,0,4e,N
R47,62.67638424,-114.0766399,VR2W-120465,7.5,2013-04-01 0:00,0,2013-05-01 0:00,0,4f,N
R47,62.67638424,-114.0766399,VR2W-120465,7.5,2013-05-01 0:00,0,2013-05-25 6:00,0,4g,N
R48,62.67781,-114.08283,VR2W-120516,7,2012-06-28 6:30,0,2012-09-11 17:30,0,2,N
R48,62.67788137,-114.082829,VR2W-120516,6.9,2012-09-14 3:30,0,2012-10-27 0:18,0,3,N
R48,62.67796681,-114.0828343,VR2W-120516,6,2013-06-11 1:00,0,2013-09-24 14:51,0,5,N
R48,62.67792363,-114.0829613,VR2W-120516,6.7,2013-09-28 0:00,0,2013-11-01 0:00,0,6,N
R48,62.6779198,-114.0829476,VR2W-120516,6.7,2013-11-01 0:00,0,2014-06-11 23:00,0,7,N
R48,62.67784323,-114.0827728,VR2W-120516,6.6,2014-06-20 6:00,0,2014-09-25 16:00,0,8,N
R48,62.6779476,-114.0828978,VR2W-120516,6.9,2012-10-27 0:18,0,2012-12-01 0:00,0,4a,N
R48,62.6779476,-114.0828978,VR2W-120516,6.9,2012-12-01 0:00,0,2013-01-01 0:00,0,4b,N
R48,62.6779476,-114.0828978,VR2W-120516,6.9,2013-01-01 0:00,0,2013-02-01 0:00,0,4c,N
R48,62.6779476,-114.0828978,VR2W-120516,6.9,2013-02-01 0:00,0,2013-03-01 0:00,0,4d,N
R48,62.6779476,-114.0828978,VR2W-120516,6.9,2013-03-01 0:00,0,2013-04-01 0:00,0,4e,N
R48,62.6779476,-114.0828978,VR2W-120516,6.9,2013-04-01 0:00,0,2013-05-01 0:00,0,4f,N
R48,62.6779476,-114.0828978,VR2W-120516,6.9,2013-05-01 0:00,0,2013-05-25 6:00,0,4g,N
R49,62.67815,-114.0781,VR2W-120460,9.2,2012-06-28 6:30,0,2012-09-11 17:30,0,2,N
R49,62.67817212,-114.0780799,VR2W-120460,9.1,2012-09-14 3:30,0,2012-10-27 0:18,0,3,N
R49,62.67824749,-114.0780384,VR2W-120460,9.7,2013-06-11 1:00,0,2013-09-24 14:51,0,5,N
R49,62.67819058,-114.0780647,VR2W-120460,9.1,2013-09-28 0:00,0,2013-11-01 0:00,0,6,N
R49,62.67823014,-114.0780513,VR2W-120460,9.1,2013-11-01 0:00,0,2014-06-11 23:00,0,7,N
R49,62.67818964,-114.0780231,VR2W-120460,9.1,2014-06-20 6:00,0,2014-09-25 16:00,0,8,N
R49,62.67826377,-114.0780946,VR2W-120460,9.1,2012-10-27 0:18,0,2012-12-01 0:00,0,4a,N
R49,62.67826377,-114.0780946,VR2W-120460,9.1,2012-12-01 0:00,0,2013-01-01 0:00,0,4b,N
R49,62.67826377,-114.0780946,VR2W-120460,9.1,2013-01-01 0:00,0,2013-02-01 0:00,0,4c,N
R49,62.67826377,-114.0780947,VR2W-120460,9.1,2013-02-01 0:00,0,2013-03-01 0:00,0,4d,N
R49,62.67826377,-114.0780946,VR2W-120460,9.1,2013-03-01 0:00,0,2013-04-01 0:00,0,4e,N
R49,62.67826377,-114.0780946,VR2W-120460,9.1,2013-04-01 0:00,0,2013-05-01 0:00,0,4f,N
R49,62.67826377,-114.0780946,VR2W-120460,9.1,2013-05-01 0:00,0,2013-05-25 6:00,0,4g,N
R5,62.68114,-114.09537,VR2W-120494,9.1,2012-06-28 6:30,0,2012-09-11 17:30,0,2,N
R5,62.68113468,-114.0952909,VR2W-120494,9,2012-09-14 3:30,0,2012-10-27 0:18,0,3,N
R5,62.68118501,-114.0952668,VR2W-120494,8.8,2013-06-11 1:00,0,2013-09-24 14:51,0,5,N
R5,62.68099863,-114.0950032,VR2W-120494,9,2012-10-27 0:18,0,2012-12-01 0:00,0,4a,N
R5,62.68099863,-114.0950032,VR2W-120494,9,2012-12-01 0:00,0,2013-01-01 0:00,0,4b,N
R5,62.68099863,-114.0950032,VR2W-120494,9,2013-01-01 0:00,0,2013-02-01 0:00,0,4c,N
R5,62.68099863,-114.0950032,VR2W-120494,9,2013-02-01 0:00,0,2013-03-01 0:00,0,4d,N
R5,62.68099863,-114.0950032,VR2W-120494,9,2013-03-01 0:00,0,2013-04-01 0:00,0,4e,N
R5,62.68099863,-114.0950032,VR2W-120494,9,2013-04-01 0:00,0,2013-05-01 0:00,0,4f,N
R5,62.68099863,-114.0950032,VR2W-120494,9,2013-05-01 0:00,0,2013-05-25 6:00,0,4g,N
R5,62.68120532,-114.0954916,VR2W-120494,8.7,2013-09-28 0:00,0,2013-11-01 0:00,0,6,N
R5,62.68120845,-114.0954951,VR2W-120494,8.7,2013-11-01 0:00,0,2014-06-11 23:00,0,7,N
R5,62.68116989,-114.0953269,VR2W-120494,8.7,2014-06-20 6:00,0,2014-09-25 16:00,0,8,N
R50,62.67124,-114.05477,VR2W-120477,5.2,2012-06-28 6:30,0,2012-09-11 17:30,0,2,N
R50,62.67128292,-114.0549464,VR2W-120477,5.8,2012-09-14 3:30,0,2012-10-27 0:18,0,3,N
R50,62.67108526,-114.0554976,VR2W-120477,6.2,2013-06-11 1:00,0,2013-09-24 14:51,0,5,N
R50,62.67118677,-114.0547371,VR2W-120477,5.5,2013-09-28 0:00,0,2013-11-01 0:00,0,6,N
R50,62.67118523,-114.054772,VR2W-120477,5.5,2013-11-01 0:00,0,2014-06-11 23:00,0,7,N
R50,62.67111673,-114.0548642,VR2W-122317,5.5,2014-06-20 6:00,0,2014-06-26 6:31,0,8,Y
R50,62.67109954,-114.0548923,VR2W-122317,5.5,2014-06-26 8:08,0,2014-09-25 16:00,0,8,N
R50,62.67083428,-114.0569733,VR2W-120477,5.8,2012-10-27 0:18,0,2012-12-01 0:00,0,4a,N
R50,62.67083428,-114.0569733,VR2W-120477,5.8,2012-12-01 0:00,0,2013-01-01 0:00,0,4b,N
R50,62.67083428,-114.0569733,VR2W-120477,5.8,2013-01-01 0:00,0,2013-02-01 0:00,0,4c,N
R50,62.67083428,-114.0569733,VR2W-120477,5.8,2013-02-01 0:00,0,2013-03-01 0:00,0,4d,N
R50,62.67083428,-114.0569733,VR2W-120477,5.8,2013-03-01 0:00,0,2013-04-01 0:00,0,4e,N
R50,62.67083428,-114.0569733,VR2W-120477,5.8,2013-04-01 0:00,0,2013-05-01 0:00,0,4f,N
R50,62.67083428,-114.0569733,VR2W-120477,5.8,2013-05-01 0:00,0,2013-05-25 6:00,0,4g,N
R51,62.67797,-114.07217,VR2W-120496,11.3,2012-06-28 6:30,0,2012-09-11 17:30,0,2,N
R51,62.67799991,-114.072052,VR2W-120496,13.4,2012-09-14 3:30,0,2012-10-27 0:18,0,3,N
R51,62.67809623,-114.072055,VR2W-120496,13.7,2013-06-11 1:00,0,2013-09-24 14:51,0,5,N
R51,62.67807448,-114.0719901,VR2W-120496,13.6,2013-09-28 0:00,0,2013-11-01 0:00,0,6,N
R51,62.67807689,-114.071957,VR2W-120496,13.6,2013-11-01 0:00,0,2014-05-14 20:58,0,7,N
R51,62.67814554,-114.0720207,VR2W-120496,13.6,2014-06-20 6:00,0,2014-09-25 16:00,0,8,N
R51,62.67804481,-114.0719694,VR2W-120496,13.4,2012-10-27 0:18,0,2012-12-01 0:00,0,4a,N
R51,62.67804481,-114.0719694,VR2W-120496,13.4,2012-12-01 0:00,0,2013-01-01 0:00,0,4b,N
R51,62.67804481,-114.0719694,VR2W-120496,13.4,2013-01-01 0:00,0,2013-02-01 0:00,0,4c,N
R51,62.67804481,-114.0719694,VR2W-120496,13.4,2013-02-01 0:00,0,2013-03-01 0:00,0,4d,N
R51,62.67804481,-114.0719694,VR2W-120496,13.4,2013-03-01 0:00,0,2013-04-01 0:00,0,4e,N
R51,62.67804481,-114.0719694,VR2W-120496,13.4,2013-04-01 0:00,0,2013-05-01 0:00,0,4f,N
R51,62.67804481,-114.0719694,VR2W-120496,13.4,2013-05-01 0:00,0,2013-05-25 6:00,0,4g,N
R52,62.67883,-114.06521,VR2W-120484,19.5,2012-06-28 6:30,0,2012-09-11 17:30,0,2,N
R52,62.67879333,-114.0652791,VR2W-120484,18.5,2012-09-14 3:30,0,2012-10-27 0:18,0,3,N
R52,62.67867316,-114.0651887,VR2W-120484,19,2013-06-11 1:00,0,2013-09-24 14:51,0,5,N
R52,62.6786916,-114.0650679,VR2W-120484,18.8,2013-09-28 0:00,0,2013-11-01 0:00,0,6,N
R52,62.6786727,-114.065089,VR2W-120484,18.8,2013-11-01 0:00,0,2014-06-11 23:00,0,7,N
R52,62.67879062,-114.0652456,VR2W-120484,18.8,2014-06-20 6:00,0,2014-09-25 16:00,0,8,N
R52,62.67882037,-114.0651074,VR2W-120484,18.5,2012-10-27 0:18,0,2012-12-01 0:00,0,4a,N
R52,62.67882037,-114.0651074,VR2W-120484,18.5,2012-12-01 0:00,0,2013-01-01 0:00,0,4b,N
R52,62.67882037,-114.0651074,VR2W-120484,18.5,2013-01-01 0:00,0,2013-02-01 0:00,0,4c,N
R52,62.67882037,-114.0651074,VR2W-120484,18.5,2013-02-01 0:00,0,2013-03-01 0:00,0,4d,N
R52,62.67882037,-114.0651074,VR2W-120484,18.5,2013-03-01 0:00,0,2013-04-01 0:00,0,4e,N
R52,62.67882037,-114.0651074,VR2W-120484,18.5,2013-04-01 0:00,0,2013-05-01 0:00,0,4f,N
R52,62.67882037,-114.0651074,VR2W-120484,18.5,2013-05-01 0:00,0,2013-05-25 6:00,0,4g,N
R53,62.6778,-114.05887,VR2W-120476,3.3,2012-06-28 6:30,0,2012-09-11 17:30,0,2,N
R53,62.6778592,-114.0587541,VR2W-120476,3,2012-09-14 3:30,0,2012-10-27 0:18,0,3,N
R53,62.67785,-114.05855,VR2W-120476,3,2012-10-28 20:25,0,2012-10-27 0:18,0,3,Y
R53,62.67797687,-114.0597177,VR2W-120476,4.6,2013-06-11 1:00,0,2013-06-20 21:42,0,5,N
R53,62.67789498,-114.0594657,VR2W-120476,4.6,2013-06-20 23:45,0,2013-09-24 14:51,0,5,N
R53,62.67797615,-114.0592379,VR2W-120476,3.9,2013-09-28 0:00,0,2013-11-01 0:00,0,6,N
R53,62.67798285,-114.0592389,VR2W-120476,3.9,2013-11-01 0:00,0,2014-06-11 23:00,0,7,N
R53,62.67804405,-114.0594706,VR2W-120476,4,2014-06-20 6:00,0,2014-09-25 16:00,0,8,N
R53,62.67803808,-114.059766,VR2W-120476,3,2012-10-28 20:25,0,2012-11-30 0:00,0,4a,N
R53,62.67784726,-114.0588243,VR2W-120476,3,2012-11-30 0:00,0,2012-12-01 0:00,0,4a,Y
R53,62.67784726,-114.0588243,VR2W-120476,3,2012-12-01 0:00,0,2012-12-31 0:00,0,4b,Y
R53,62.67784726,-114.0588243,VR2W-120476,3,2012-12-31 0:00,0,2013-01-01 0:00,0,4b,N
R53,62.67784726,-114.0588243,VR2W-120476,3,2013-01-01 0:00,0,2013-02-01 0:00,0,4c,N
R53,62.67784726,-114.0588243,VR2W-120476,3,2013-02-01 0:00,0,2013-03-01 0:00,0,4d,N
R53,62.67784726,-114.0588243,VR2W-120476,3,2013-03-01 0:00,0,2013-04-01 0:00,0,4e,N
R53,62.67784726,-114.0588243,VR2W-120476,3,2013-04-01 0:00,0,2013-05-01 0:00,0,4f,N
R53,62.67784726,-114.0588243,VR2W-120476,3,2013-05-01 0:00,0,2013-05-25 6:00,0,4g,N
R54,62.67687,-114.05438,VR2W-120482,5.3,2012-06-28 6:30,0,2012-09-11 17:30,0,2,N
R54,62.67681951,-114.0544948,VR2W-120482,5.3,2012-09-14 3:30,0,2012-10-27 0:18,0,3,N
R54,62.67671315,-114.0546114,VR2W-120482,5.5,2013-06-11 1:00,0,2013-09-24 14:51,0,5,N
R54,62.6768404,-114.054325,VR2W-120482,5,2013-09-28 0:00,0,2013-11-01 0:00,0,6,N
R54,62.67683667,-114.0542959,VR2W-120482,5,2013-11-01 0:00,0,2014-06-11 23:00,0,7,N
R54,62.67677923,-114.054284,VR2W-120482,5,2014-06-20 6:00,0,2014-09-25 16:00,0,8,N
R54,62.67676048,-114.0565269,VR2W-120482,5.3,2012-10-27 0:18,0,2012-12-01 0:00,0,4a,N
R54,62.67676048,-114.0565269,VR2W-120482,5.3,2012-12-01 0:00,0,2013-01-01 0:00,0,4b,N
R54,62.67676048,-114.0565269,VR2W-120482,5.3,2013-01-01 0:00,0,2013-02-01 0:00,0,4c,N
R54,62.67676048,-114.0565269,VR2W-120482,5.3,2013-02-01 0:00,0,2013-03-01 0:00,0,4d,N
R54,62.67676048,-114.0565269,VR2W-120482,5.3,2013-03-01 0:00,0,2013-04-01 0:00,0,4e,N
R54,62.67676048,-114.0565269,VR2W-120482,5.3,2013-04-01 0:00,0,2013-05-01 0:00,0,4f,N
R54,62.67676048,-114.0565269,VR2W-120482,5.3,2013-05-01 0:00,0,2013-05-25 6:00,0,4g,N
R55,62.67632,-114.05903,VR2W-120519,9.5,2012-06-28 6:30,0,2012-09-11 17:30,0,2,N
R55,62.67632135,-114.0591219,VR2W-120519,9,2012-09-14 3:30,0,2012-10-27 0:18,0,3,N
R55,62.67634166,-114.0589227,VR2W-120519,9.2,2013-06-11 1:00,0,2013-09-24 14:51,0,5,N
R55,62.67639381,-114.0587105,VR2W-120519,9.5,2013-09-28 0:00,0,2013-11-01 0:00,0,6,N
R55,62.67638713,-114.0587054,VR2W-120519,9.5,2013-11-01 0:00,0,2014-06-11 23:00,0,7,N
R55,62.6763958,-114.0586989,VR2W-120519,9.5,2014-06-20 6:00,0,2014-09-25 16:00,0,8,N
R55,62.67628586,-114.0589685,VR2W-120519,9,2012-10-27 0:18,0,2012-12-01 0:00,0,4a,N
R55,62.67628586,-114.0589685,VR2W-120519,9,2012-12-01 0:00,0,2013-01-01 0:00,0,4b,N
R55,62.67628586,-114.0589685,VR2W-120519,9,2013-01-01 0:00,0,2013-02-01 0:00,0,4c,N
R55,62.67628586,-114.0589685,VR2W-120519,9,2013-02-01 0:00,0,2013-03-01 0:00,0,4d,N
R55,62.67628586,-114.0589685,VR2W-120519,9,2013-03-01 0:00,0,2013-04-01 0:00,0,4e,N
R55,62.67628586,-114.0589685,VR2W-120519,9,2013-04-01 0:00,0,2013-05-01 0:00,0,4f,N
R55,62.67628586,-114.0589685,VR2W-120519,9,2013-05-01 0:00,0,2013-05-25 6:00,0,4g,N
R56,62.68699,-114.10335,VR2W-120459,15.6,2012-06-28 6:30,0,2012-09-11 17:30,0,2,N
R56,62.68697022,-114.1032691,VR2W-120459,15,2012-09-14 3:30,0,2012-10-27 0:18,0,3,N
R56,62.68700492,-114.1032571,VR2W-120459,15.8,2013-06-11 1:00,0,2013-09-24 14:51,0,5,N
R56,62.68707769,-114.1035056,VR2W-120459,14.8,2013-09-28 0:00,0,2013-11-01 0:00,0,6,N
R56,62.68707952,-114.1035331,VR2W-120459,14.8,2013-11-01 0:00,0,2014-06-11 23:00,0,7,N
R56,62.68704515,-114.1035144,VR2W-120459,14.8,2014-06-20 6:00,0,2014-09-24 17:32,0,8,N
R56,62.68704515,-114.1035144,VR2W-120459,14.8,2014-09-24 20:07,0,2014-09-25 16:00,0,8,Y
R56,62.68728065,-114.1032707,VR2W-120459,15,2012-10-27 0:18,0,2012-10-30 15:53,0,4a,Y
R56,62.68422113,-114.0989236,VR2W-120459,15,2012-10-30 18:11,0,2012-12-01 0:00,0,4a,N
R56,62.68422113,-114.0989236,VR2W-120459,15,2012-12-01 0:00,0,2013-01-01 0:00,0,4b,N
R56,62.68422113,-114.0989236,VR2W-120459,15,2013-01-01 0:00,0,2013-02-01 0:00,0,4c,N
R56,62.68422113,-114.0989236,VR2W-120459,15,2013-02-01 0:00,0,2013-03-01 0:00,0,4d,N
R56,62.68422113,-114.0989236,VR2W-120459,15,2013-03-01 0:00,0,2013-04-01 0:00,0,4e,N
R56,62.68422113,-114.0989236,VR2W-120459,15,2013-04-01 0:00,0,2013-05-01 0:00,0,4f,N
R56,62.68422113,-114.0989236,VR2W-120459,15,2013-05-01 0:00,0,2013-05-25 6:00,0,4g,N
R57,62.68309,-114.10233,VR2W-120468,4.5,2012-06-28 6:30,0,2012-09-11 17:30,0,2,N
R57,62.68314977,-114.1023088,VR2W-120468,3.8,2012-09-14 3:30,0,2012-10-27 0:18,0,3,N
R57,62.68308398,-114.1016724,VR2W-120468,4.8,2013-06-11 1:00,0,2013-09-24 14:51,0,5,N
R57,62.68315953,-114.1019042,VR2W-120468,5.2,2013-09-28 0:00,0,2013-11-01 0:00,0,6,N
R57,62.68313919,-114.1019482,VR2W-120468,5.2,2013-11-01 0:00,0,2014-06-11 23:00,0,7,N
R57,62.68372559,-114.0996067,VR2W-120468,3.8,2012-10-27 0:18,0,2012-12-01 0:00,0,4a,N
R57,62.68372559,-114.0996067,VR2W-120468,3.8,2012-12-01 0:00,0,2013-01-01 0:00,0,4b,N
R57,62.68372559,-114.0996067,VR2W-120468,3.8,2013-01-01 0:00,0,2013-02-01 0:00,0,4c,N
R57,62.68372559,-114.0996067,VR2W-120468,3.8,2013-02-01 0:00,0,2013-03-01 0:00,0,4d,N
R57,62.68372559,-114.0996067,VR2W-120468,3.8,2013-03-01 0:00,0,2013-04-01 0:00,0,4e,N
R57,62.68372559,-114.0996067,VR2W-120468,3.8,2013-04-01 0:00,0,2013-05-01 0:00,0,4f,N
R57,62.68372559,-114.0996067,VR2W-120468,3.8,2013-05-01 0:00,0,2013-05-25 6:00,0,4g,N
R58,62.68095,-114.06237,VR2W-120480,4.2,2012-06-28 6:30,0,2012-09-11 17:30,0,2,N
R58,62.68097894,-114.0624816,VR2W-120480,4.5,2012-09-14 3:30,0,2012-10-27 0:18,0,3,N
R58,62.68090547,-114.0623747,VR2W-120480,4.2,2013-06-11 1:00,0,2013-09-24 14:51,0,5,N
R58,62.6809824,-114.0622619,VR2W-120480,4.3,2013-09-28 0:00,0,2013-11-01 0:00,0,6,N
R58,62.68098413,-114.0622555,VR2W-120480,4.3,2013-11-01 0:00,0,2014-06-11 23:00,0,7,N
R58,62.68111715,-114.0626583,VR2W-120480,4.3,2014-06-20 6:00,0,2014-09-25 16:00,0,8,N
R58,62.68100062,-114.0622481,VR2W-120480,4.5,2012-10-27 0:18,0,2012-12-01 0:00,0,4a,N
R58,62.68100062,-114.0622481,VR2W-120480,4.5,2012-12-01 0:00,0,2013-01-01 0:00,0,4b,N
R58,62.68100062,-114.0622481,VR2W-120480,4.5,2013-01-01 0:00,0,2013-02-01 0:00,0,4c,N
R58,62.68100062,-114.0622481,VR2W-120480,4.5,2013-02-01 0:00,0,2013-03-01 0:00,0,4d,N
R58,62.68100062,-114.0622481,VR2W-120480,4.5,2013-03-01 0:00,0,2013-04-01 0:00,0,4e,N
R58,62.68100062,-114.0622481,VR2W-120480,4.5,2013-04-01 0:00,0,2013-05-01 0:00,0,4f,N
R58,62.68100062,-114.0622481,VR2W-120480,4.5,2013-05-01 0:00,0,2013-05-25 6:00,0,4g,N
R59,62.6835,-114.06554,VR2W-120513,3.7,2012-06-28 6:30,0,2012-09-11 17:30,0,2,N
R59,62.68351917,-114.0657736,VR2W-120513,4.1,2012-09-14 3:30,0,2012-10-27 0:18,0,3,N
R59,62.68341634,-114.0653744,VR2W-120513,5.8,2013-06-11 1:00,0,2013-09-24 14:51,0,5,N
R59,62.68349534,-114.065481,VR2W-120513,5.9,2013-09-28 0:00,0,2013-11-01 0:00,0,6,N
R59,62.68351001,-114.0655057,VR2W-120513,5.9,2013-11-01 0:00,0,2014-06-11 23:00,0,7,N
R59,62.68357866,-114.0655837,VR2W-120513,5.9,2014-06-20 6:00,0,2014-09-25 16:00,0,8,N
R59,62.68364057,-114.0655459,VR2W-120513,4.1,2012-10-27 0:18,0,2012-12-01 0:00,0,4a,N
R59,62.68364057,-114.0655459,VR2W-120513,4.1,2012-12-01 0:00,0,2013-01-01 0:00,0,4b,N
R59,62.68364057,-114.0655459,VR2W-120513,4.1,2013-01-01 0:00,0,2013-02-01 0:00,0,4c,N
R59,62.68364057,-114.0655459,VR2W-120513,4.1,2013-02-01 0:00,0,2013-03-01 0:00,0,4d,N
R59,62.68364057,-114.0655459,VR2W-120513,4.1,2013-03-01 0:00,0,2013-04-01 0:00,0,4e,N
R59,62.68364057,-114.0655459,VR2W-120513,4.1,2013-04-01 0:00,0,2013-05-01 0:00,0,4f,N
R59,62.68364057,-114.0655459,VR2W-120513,4.1,2013-05-01 0:00,0,2013-05-25 6:00,0,4g,N
R6,62.67977,-114.0929,VR2W-120509,5.6,2012-06-28 6:30,0,2012-09-11 17:30,0,2,N
R6,62.67975061,-114.0927812,VR2W-120509,5.5,2012-09-14 3:30,0,2012-10-27 0:18,0,3,N
R6,62.67985631,-114.0928696,VR2W-120509,6,2013-06-11 1:00,0,2013-09-24 14:51,0,5,N
R6,62.67925027,-114.0933932,VR2W-120509,5.5,2012-10-27 0:18,0,2012-12-01 0:00,0,4a,N
R6,62.67925027,-114.0933932,VR2W-120509,5.5,2012-12-01 0:00,0,2013-01-01 0:00,0,4b,N
R6,62.67925027,-114.0933932,VR2W-120509,5.5,2013-01-01 0:00,0,2013-02-01 0:00,0,4c,N
R6,62.67925027,-114.0933932,VR2W-120509,5.5,2013-02-01 0:00,0,2013-03-01 0:00,0,4d,N
R6,62.67925027,-114.0933932,VR2W-120509,5.5,2013-03-01 0:00,0,2013-04-01 0:00,0,4e,N
R6,62.67925027,-114.0933932,VR2W-120509,5.5,2013-04-01 0:00,0,2013-05-01 0:00,0,4f,N
R6,62.67925027,-114.0933932,VR2W-120509,5.5,2013-05-01 0:00,0,2013-05-25 6:00,0,4g,N
R6,62.67985337,-114.0930687,VR2W-120509,5.4,2013-09-28 0:00,0,2013-11-01 0:00,0,6,N
R6,62.67983893,-114.0930906,VR2W-120509,5.4,2013-11-01 0:00,0,2014-06-11 23:00,0,7,N
R6,62.6798861,-114.0927443,VR2W-120509,4.6,2014-06-20 6:00,0,2014-09-25 16:00,0,8,N
R60,62.68425,-114.0702,VR2W-120517,3,2012-06-28 6:30,0,2012-09-11 17:30,0,2,N
R60,62.68422787,-114.0702117,VR2W-120517,3.1,2012-09-14 3:30,0,2012-10-27 0:18,0,3,N
R60,62.68406486,-114.0697973,VR2W-120517,4.2,2013-06-11 1:00,0,2013-06-20 21:42,0,5,Y
R60,62.68394494,-114.0695194,VR2W-120517,4.2,2013-06-20 23:45,0,2013-09-24 14:51,0,5,N
R60,62.68411176,-114.0700584,VR2W-120517,3.7,2013-09-28 0:00,0,2013-11-01 0:00,0,6,N
R60,62.68413692,-114.070108,VR2W-120517,3.7,2013-11-01 0:00,0,2014-06-11 23:00,0,7,N
R60,62.68421407,-114.0700225,VR2W-120517,2.3,2014-06-20 6:00,0,2014-06-21 0:22,0,8,Y
R60,62.68415184,-114.0701435,VR2W-120517,2.3,2014-06-21 0:23,0,2014-06-22 23:48,0,8,Y
R60,62.68425725,-114.0700117,VR2W-120517,2.3,2014-06-23 0:02,0,2014-06-23 22:30,0,8,Y
R60,62.68458476,-114.0703191,VR2W-120517,2.3,2014-06-23 23:54,0,2014-09-25 16:00,0,8,N
R60,62.68400521,-114.0695683,VR2W-120517,3.1,2012-10-27 0:18,0,2012-12-01 0:00,0,4a,N
R60,62.68400521,-114.0695683,VR2W-120517,3.1,2012-12-01 0:00,0,2013-01-01 0:00,0,4b,N
R60,62.68400521,-114.0695683,VR2W-120517,3.1,2013-01-01 0:00,0,2013-02-01 0:00,0,4c,N
R60,62.68400521,-114.0695683,VR2W-120517,3.1,2013-02-01 0:00,0,2013-03-01 0:00,0,4d,N
R60,62.68400521,-114.0695683,VR2W-120517,3.1,2013-03-01 0:00,0,2013-04-01 0:00,0,4e,N
R60,62.68400521,-114.0695683,VR2W-120517,3.1,2013-04-01 0:00,0,2013-05-01 0:00,0,4f,N
R60,62.68400521,-114.0695683,VR2W-120517,3.1,2013-05-01 0:00,0,2013-05-25 6:00,0,4g,N
R61,62.6814,-114.0683,VR2W-120478,13.5,2012-06-28 6:30,0,2012-09-11 17:30,0,2,N
R61,62.68135958,-114.0682554,VR2W-120478,14,2012-09-14 3:30,0,2012-10-27 0:18,0,3,N
R61,62.68129946,-114.0682419,VR2W-120478,10.1,2013-06-11 1:00,0,2013-09-24 14:51,0,5,N
R61,62.68132247,-114.0682019,VR2W-120478,10.5,2013-09-28 0:00,0,2013-11-01 0:00,0,6,N
R61,62.68132549,-114.0682299,VR2W-120478,10.5,2013-11-01 0:00,0,2014-06-11 23:00,0,7,N
R61,62.68152494,-114.0685005,VR2W-120478,10.5,2014-06-20 6:00,0,2014-09-25 16:00,0,8,N
R61,62.68140778,-114.0680359,VR2W-120478,14,2012-10-27 0:18,0,2012-12-01 0:00,0,4a,N
R61,62.68140778,-114.0680359,VR2W-120478,14,2012-12-01 0:00,0,2013-01-01 0:00,0,4b,N
R61,62.68140778,-114.0680359,VR2W-120478,14,2013-01-01 0:00,0,2013-02-01 0:00,0,4c,N
R61,62.68140778,-114.0680359,VR2W-120478,14,2013-02-01 0:00,0,2013-03-01 0:00,0,4d,N
R61,62.68140778,-114.0680359,VR2W-120478,14,2013-03-01 0:00,0,2013-04-01 0:00,0,4e,N
R61,62.68140778,-114.0680359,VR2W-120478,14,2013-04-01 0:00,0,2013-05-01 0:00,0,4f,N
R61,62.68140778,-114.0680359,VR2W-120478,14,2013-05-01 0:00,0,2013-05-25 6:00,0,4g,N
R62,62.68066,-114.0708,VR2W-120495,5,2012-06-28 6:30,0,2012-09-11 17:30,0,2,N
R62,62.68062915,-114.0709133,VR2W-120495,6,2012-09-14 3:30,0,2012-10-27 0:18,0,3,N
R62,62.68066774,-114.0707346,VR2W-120495,4.7,2013-06-11 1:00,0,2013-09-24 14:51,0,5,N
R62,62.68066835,-114.0710487,VR2W-120495,4,2013-09-28 0:00,0,2013-11-01 0:00,0,6,N
R62,62.68068437,-114.071042,VR2W-120495,4,2013-11-01 0:00,0,2014-06-11 23:00,0,7,N
R62,62.68068744,-114.0710123,VR2W-120495,4,2014-06-20 6:00,0,2014-09-25 16:00,0,8,N
R62,62.68072527,-114.0707535,VR2W-120495,6,2012-10-27 0:18,0,2012-12-01 0:00,0,4a,N
R62,62.68072527,-114.0707535,VR2W-120495,6,2012-12-01 0:00,0,2013-01-01 0:00,0,4b,N
R62,62.68072527,-114.0707535,VR2W-120495,6,2013-01-01 0:00,0,2013-02-01 0:00,0,4c,N
R62,62.68072527,-114.0707535,VR2W-120495,6,2013-02-01 0:00,0,2013-03-01 0:00,0,4d,N
R62,62.68072527,-114.0707535,VR2W-120495,6,2013-03-01 0:00,0,2013-04-01 0:00,0,4e,N
R62,62.68072527,-114.0707535,VR2W-120495,6,2013-04-01 0:00,0,2013-05-01 0:00,0,4f,N
R62,62.68072527,-114.0707535,VR2W-120495,6,2013-05-01 0:00,0,2013-05-25 6:00,0,4g,N
R63,62.67962,-114.07465,VR2W-120500,7.3,2012-06-28 6:30,0,2012-09-11 17:30,0,2,N
R63,62.67961982,-114.0747129,VR2W-120500,7,2012-09-14 3:30,0,2012-10-27 0:18,0,3,N
R63,62.67965951,-114.0746875,VR2W-120500,7.1,2013-06-11 1:00,0,2013-09-24 14:51,0,5,N
R63,62.67973635,-114.0747453,VR2W-120500,7.4,2013-09-28 0:00,0,2013-11-01 0:00,0,6,N
R63,62.67972935,-114.0746843,VR2W-120500,7.4,2013-11-01 0:00,0,2014-06-11 23:00,0,7,N
R63,62.67968135,-114.0748448,VR2W-120500,7.4,2014-06-20 6:00,0,2014-09-25 16:00,0,8,N
R63,62.67970595,-114.0746327,VR2W-120500,7,2012-10-27 0:18,0,2012-10-30 13:32,0,4a,Y
R63,62.67958189,-114.0747254,VR2W-120500,7,2012-10-30 17:34,0,2012-10-31 4:30,0,4a,Y
R63,62.67925887,-114.074257,VR2W-120500,7,2012-10-31 7:14,0,2012-12-01 0:00,0,4a,N
R63,62.67925887,-114.074257,VR2W-120500,7,2012-12-01 0:00,0,2013-01-01 0:00,0,4b,N
R63,62.67925887,-114.074257,VR2W-120500,7,2013-01-01 0:00,0,2013-02-01 0:00,0,4c,N
R63,62.67925887,-114.074257,VR2W-120500,7,2013-02-01 0:00,0,2013-03-01 0:00,0,4d,N
R63,62.67925887,-114.074257,VR2W-120500,7,2013-03-01 0:00,0,2013-04-01 0:00,0,4e,N
R63,62.67925887,-114.074257,VR2W-120500,7,2013-04-01 0:00,0,2013-05-01 0:00,0,4f,N
R63,62.67925887,-114.074257,VR2W-120500,7,2013-05-01 0:00,0,2013-05-25 6:00,0,4g,N
R64,62.6811,-114.07563,VR2W-120474,3.2,2012-06-28 6:30,0,2012-09-11 17:30,0,2,N
R64,62.68108452,-114.075705,VR2W-120474,3,2012-09-14 3:30,0,2012-10-27 0:18,0,3,N
R64,62.68116958,-114.0757913,VR2W-120474,3.1,2013-06-11 1:00,0,2013-09-24 14:51,0,5,N
R64,62.68111773,-114.0756589,VR2W-120474,4.5,2013-09-28 0:00,0,2013-11-01 0:00,0,6,N
R64,62.68108142,-114.0757843,VR2W-120474,4.5,2013-11-01 0:00,0,2014-06-11 23:00,0,7,N
R64,62.68106054,-114.0756992,VR2W-120474,4.5,2014-06-20 6:00,0,2014-09-25 16:00,0,8,N
R64,62.68123379,-114.075608,VR2W-120474,3,2012-10-27 0:18,0,2012-12-01 0:00,0,4a,N
R64,62.68123379,-114.075608,VR2W-120474,3,2012-12-01 0:00,0,2013-01-01 0:00,0,4b,N
R64,62.68123379,-114.075608,VR2W-120474,3,2013-01-01 0:00,0,2013-02-01 0:00,0,4c,N
R64,62.68123379,-114.075608,VR2W-120474,3,2013-02-01 0:00,0,2013-03-01 0:00,0,4d,N
R64,62.68123379,-114.075608,VR2W-120474,3,2013-03-01 0:00,0,2013-04-01 0:00,0,4e,N
R64,62.68123379,-114.075608,VR2W-120474,3,2013-04-01 0:00,0,2013-05-01 0:00,0,4f,N
R64,62.68123379,-114.075608,VR2W-120474,3,2013-05-01 0:00,0,2013-05-25 6:00,0,4g,N
R66,62.68051,-114.07986,VR2W-120492,7.3,2012-06-28 6:30,0,2012-09-11 17:30,0,2,N
R66,62.68055877,-114.0797682,VR2W-120492,7.6,2012-09-14 3:30,0,2012-10-27 0:18,0,3,N
R66,62.68053368,-114.0796629,VR2W-120492,5.9,2013-06-11 1:00,0,2013-09-24 14:51,0,5,N
R66,62.68050756,-114.0796589,VR2W-120492,6,2013-09-28 0:00,0,2013-11-01 0:00,0,6,N
R66,62.68051547,-114.0797253,VR2W-120492,6,2013-11-01 0:00,0,2014-06-11 23:00,0,7,N
R66,62.68056059,-114.0796164,VR2W-120492,6,2014-06-20 6:00,0,2014-09-25 16:00,0,8,N
R66,62.68063981,-114.079755,VR2W-120492,7.6,2012-10-27 0:18,0,2012-12-01 0:00,0,4a,N
R66,62.68063981,-114.079755,VR2W-120492,7.6,2012-12-01 0:00,0,2013-01-01 0:00,0,4b,N
R66,62.68063981,-114.079755,VR2W-120492,7.6,2013-01-01 0:00,0,2013-02-01 0:00,0,4c,N
R66,62.68063981,-114.079755,VR2W-120492,7.6,2013-02-01 0:00,0,2013-03-01 0:00,0,4d,N
R66,62.68063981,-114.079755,VR2W-120492,7.6,2013-03-01 0:00,0,2013-04-01 0:00,0,4e,N
R66,62.68063981,-114.079755,VR2W-120492,7.6,2013-04-01 0:00,0,2013-05-01 0:00,0,4f,N
R66,62.68063981,-114.079755,VR2W-120492,7.6,2013-05-01 0:00,0,2013-05-25 6:00,0,4g,N
R67,62.68317,-114.08197,VR2W-120462,8,2012-06-28 6:30,0,2012-09-11 17:30,0,2,N
R67,62.68316732,-114.081949,VR2W-120462,7.5,2012-09-14 3:30,0,2012-10-27 0:18,0,3,N
R67,62.68319597,-114.0818043,VR2W-120462,7.5,2013-06-11 1:00,0,2013-09-24 14:51,0,5,N
R67,62.68323703,-114.0819005,VR2W-120462,5.4,2013-09-28 0:00,0,2013-11-01 0:00,0,6,N
R67,62.68326029,-114.0818372,VR2W-120462,5.4,2013-11-01 0:00,0,2014-06-11 23:00,0,7,N
R67,62.68318037,-114.0821157,VR2W-120462,5.4,2014-06-20 6:00,0,2014-09-25 16:00,0,8,N
R67,62.68324229,-114.08221,VR2W-120462,7.5,2012-10-27 0:18,0,2012-12-01 0:00,0,4a,N
R67,62.68324229,-114.08221,VR2W-120462,7.5,2012-12-01 0:00,0,2013-01-01 0:00,0,4b,N
R67,62.68324229,-114.08221,VR2W-120462,7.5,2013-01-01 0:00,0,2013-02-01 0:00,0,4c,N
R67,62.68324229,-114.08221,VR2W-120462,7.5,2013-02-01 0:00,0,2013-03-01 0:00,0,4d,N
R67,62.68324229,-114.08221,VR2W-120462,7.5,2013-03-01 0:00,0,2013-04-01 0:00,0,4e,N
R67,62.68324229,-114.08221,VR2W-120462,7.5,2013-04-01 0:00,0,2013-05-01 0:00,0,4f,N
R67,62.68324229,-114.08221,VR2W-120462,7.5,2013-05-01 0:00,0,2013-05-25 6:00,0,4g,N
R68,62.68157,-114.08689,VR2W-120463,10.6,2012-06-28 6:30,0,2012-09-11 17:30,0,2,N
R68,62.68157941,-114.0868399,VR2W-120463,10,2012-09-14 3:30,0,2012-10-27 0:18,0,3,N
R68,62.68173463,-114.0870667,VR2W-120463,8.5,2013-06-11 1:00,0,2013-06-20 21:42,0,5,N
R68,62.68168719,-114.0870788,VR2W-120463,8.5,2013-06-20 23:45,0,2013-09-24 14:51,0,5,N
R68,62.68166621,-114.0871922,VR2W-120463,8.4,2013-09-28 0:00,0,2013-11-01 0:00,0,6,N
R68,62.68166169,-114.0871765,VR2W-120463,8.4,2013-11-01 0:00,0,2014-06-11 23:00,0,7,N
R68,62.68173332,-114.0873299,VR2W-120463,8.4,2014-06-20 6:00,0,2014-09-25 16:00,0,8,N
R68,62.68151465,-114.0870007,VR2W-120463,10,2012-10-27 0:18,0,2012-12-01 0:00,0,4a,N
R68,62.68151465,-114.0870007,VR2W-120463,10,2012-12-01 0:00,0,2013-01-01 0:00,0,4b,N
R68,62.68151465,-114.0870007,VR2W-120463,10,2013-01-01 0:00,0,2013-02-01 0:00,0,4c,N
R68,62.68151465,-114.0870007,VR2W-120463,10,2013-02-01 0:00,0,2013-03-01 0:00,0,4d,N
R68,62.68151465,-114.0870007,VR2W-120463,10,2013-03-01 0:00,0,2013-04-01 0:00,0,4e,N
R68,62.68151465,-114.0870007,VR2W-120463,10,2013-04-01 0:00,0,2013-05-01 0:00,0,4f,N
R68,62.68151465,-114.0870007,VR2W-120463,10,2013-05-01 0:00,0,2013-05-25 6:00,0,4g,N
R69,62.68446,-114.08813,VR2W-120469,3.9,2012-06-28 6:30,0,2012-09-11 17:30,0,2,N
R69,62.68445794,-114.0880158,VR2W-120469,3.9,2012-09-14 3:30,0,2012-10-27 0:18,0,3,N
R69,62.68446931,-114.0880679,VR2W-120469,4.3,2013-06-11 1:00,0,2013-09-24 14:51,0,5,N
R69,62.68453176,-114.0881566,VR2W-120469,4.4,2013-09-28 0:00,0,2013-11-01 0:00,0,6,N
R69,62.68452037,-114.0881578,VR2W-120469,4.4,2013-11-01 0:00,0,2014-06-11 23:00,0,7,N
R69,62.68443072,-114.0882299,VR2W-120469,4.4,2014-06-20 6:00,0,2014-09-25 16:00,0,8,N
R69,62.68438003,-114.0885187,VR2W-120469,3.9,2012-10-27 0:18,0,2012-12-01 0:00,0,4a,N
R69,62.68438003,-114.0885187,VR2W-120469,3.9,2012-12-01 0:00,0,2013-01-01 0:00,0,4b,N
R69,62.68438003,-114.0885187,VR2W-120469,3.9,2013-01-01 0:00,0,2013-02-01 0:00,0,4c,N
R69,62.68438003,-114.0885187,VR2W-120469,3.9,2013-02-01 0:00,0,2013-03-01 0:00,0,4d,N
R69,62.68438003,-114.0885187,VR2W-120469,3.9,2013-03-01 0:00,0,2013-04-01 0:00,0,4e,N
R69,62.68438003,-114.0885187,VR2W-120469,3.9,2013-04-01 0:00,0,2013-05-01 0:00,0,4f,N
R69,62.68438003,-114.0885187,VR2W-120469,3.9,2013-05-01 0:00,0,2013-05-25 6:00,0,4g,N
R7,62.67873,-114.08982,VR2W-119896,4.2,2012-06-28 6:30,0,2012-09-11 17:30,0,2,N
R7,62.67869357,-114.0897213,VR2W-119896,4,2012-09-14 3:30,0,2012-10-27 0:18,0,3,N
R7,62.67866689,-114.0898873,VR2W-119896,5.1,2013-06-11 1:00,0,2013-09-24 14:51,0,5,N
R7,62.68472763,-114.1005988,VR2W-120467,13.3,2013-11-01 0:00,0,2014-06-11 23:00,0,7,N
R7,62.67832016,-114.0904716,VR2W-119896,4,2012-10-27 0:18,0,2012-12-01 0:00,0,4a,N
R7,62.67832016,-114.0904716,VR2W-119896,4,2012-12-01 0:00,0,2013-01-01 0:00,0,4b,N
R7,62.67832016,-114.0904716,VR2W-119896,4,2013-01-01 0:00,0,2013-02-01 0:00,0,4c,N
R7,62.67832016,-114.0904716,VR2W-119896,4,2013-02-01 0:00,0,2013-03-01 0:00,0,4d,N
R7,62.67832016,-114.0904716,VR2W-119896,4,2013-03-01 0:00,0,2013-04-01 0:00,0,4e,N
R7,62.67832016,-114.0904716,VR2W-119896,4,2013-04-01 0:00,0,2013-05-01 0:00,0,4f,N
R7,62.67832016,-114.0904716,VR2W-119896,4,2013-05-01 0:00,0,2013-05-25 6:00,0,4g,N
R7,62.67867683,-114.0900443,VR2W-119896,4.4,2013-09-28 0:00,0,2013-11-01 0:00,0,6,N
R7,62.67868084,-114.0899824,VR2W-119896,4.4,2013-11-01 0:00,0,2014-06-11 23:00,0,7,N
R7,62.67871273,-114.0898952,VR2W-119896,4.4,2014-06-20 6:00,0,2014-09-25 16:00,0,8,N
R70,62.68551,-114.09452,VR2W-119857,5.5,2012-06-28 6:30,0,2012-09-11 17:30,0,2,N
R70,62.685509,-114.09457,VR2W-119857,5.4,2012-09-14 3:30,0,2012-10-27 0:18,0,3,N
R70,62.68543899,-114.0943823,VR2W-119857,6,2013-06-11 1:00,0,2013-09-24 14:51,0,5,N
R70,62.68554176,-114.0945653,VR2W-119857,5.6,2013-09-28 0:00,0,2013-11-01 0:00,0,6,N
R70,62.68553831,-114.0945477,VR2W-119857,5.6,2013-11-01 0:00,0,2014-06-11 23:00,0,7,N
R70,62.68549953,-114.0945844,VR2W-119857,5.6,2014-06-20 6:00,0,2014-09-24 17:32,0,8,N
R70,62.68549953,-114.0945844,VR2W-119857,5.6,2014-09-24 20:07,0,2014-09-25 16:00,0,8,Y
R70,62.68533226,-114.0949983,VR2W-119857,5.4,2012-10-27 0:18,0,2012-12-01 0:00,0,4a,N
R70,62.68533226,-114.0949983,VR2W-119857,5.4,2012-12-01 0:00,0,2013-01-01 0:00,0,4b,N
R70,62.68533226,-114.0949983,VR2W-119857,5.4,2013-01-01 0:00,0,2013-02-01 0:00,0,4c,N
R70,62.68533226,-114.0949983,VR2W-119857,5.4,2013-02-01 0:00,0,2013-03-01 0:00,0,4d,N
R70,62.68533226,-114.0949983,VR2W-119857,5.4,2013-03-01 0:00,0,2013-04-01 0:00,0,4e,N
R70,62.68533226,-114.0949983,VR2W-119857,5.4,2013-04-01 0:00,0,2013-05-01 0:00,0,4f,N
R70,62.68533226,-114.0949983,VR2W-119857,5.4,2013-05-01 0:00,0,2013-05-25 6:00,0,4g,N
R71,62.68769,-114.09893,VR2W-119856,7.5,2012-06-28 6:30,0,2012-09-11 17:30,0,2,N
R71,62.68771006,-114.0988407,VR2W-119856,7.5,2012-09-14 3:30,0,2012-10-27 0:18,0,3,N
R71,62.687647,-114.0989128,VR2W-119856,8.6,2013-06-11 1:00,0,2013-09-24 14:51,0,5,N
R71,62.68777909,-114.0991397,VR2W-119856,6,2013-09-28 0:00,0,2013-11-01 0:00,0,6,N
R71,62.68778387,-114.0991384,VR2W-119856,6,2013-11-01 0:00,0,2014-06-11 23:00,0,7,N
R71,62.68779555,-114.0991481,VR2W-119856,6,2014-06-20 6:00,0,2014-09-24 17:32,0,8,N
R71,62.68779555,-114.0991481,VR2W-119856,6,2014-09-24 20:07,0,2014-09-25 16:00,0,8,Y
R71,62.68777239,-114.0985091,VR2W-119856,7.5,2012-10-27 0:18,0,2012-12-01 0:00,0,4a,N
R71,62.68777239,-114.0985091,VR2W-119856,7.5,2012-12-01 0:00,0,2013-01-01 0:00,0,4b,N
R71,62.68777239,-114.0985091,VR2W-119856,7.5,2013-01-01 0:00,0,2013-02-01 0:00,0,4c,N
R71,62.68777239,-114.0985091,VR2W-119856,7.5,2013-02-01 0:00,0,2013-03-01 0:00,0,4d,N
R71,62.68777239,-114.0985091,VR2W-119856,7.5,2013-03-01 0:00,0,2013-04-01 0:00,0,4e,N
R71,62.68777239,-114.0985091,VR2W-119856,7.5,2013-04-01 0:00,0,2013-05-01 0:00,0,4f,N
R71,62.68777239,-114.0985091,VR2W-119856,7.5,2013-05-01 0:00,0,2013-05-25 6:00,0,4g,N
R72,62.68952,-114.10426,VR2W-120464,5,2012-06-28 6:30,0,2012-09-11 17:30,0,2,N
R72,62.68965797,-114.1044548,VR2W-120464,4.4,2012-09-14 3:30,0,2012-10-27 0:18,0,3,N
R72,62.68950133,-114.1042668,VR2W-120464,4.5,2013-06-11 1:00,0,2013-09-24 14:51,0,5,N
R72,62.68954513,-114.1046462,VR2W-120464,4.4,2013-09-28 0:00,0,2013-11-01 0:00,0,6,N
R72,62.68957369,-114.1047146,VR2W-120464,4.4,2013-11-01 0:00,0,2014-06-11 23:00,0,7,N
R72,62.68937362,-114.104366,VR2W-120464,4.4,2014-06-20 6:00,0,2014-09-24 17:32,0,8,N
R72,62.68937362,-114.104366,VR2W-120464,4.4,2014-09-24 20:07,0,2014-09-25 16:00,0,8,Y
R72,62.68934327,-114.1028159,VR2W-120464,4.4,2012-10-27 0:18,0,2012-10-30 18:55,0,4a,Y
R72,62.68934327,-114.1028159,VR2W-120464,4.4,2012-10-30 18:55,0,2012-12-01 0:00,0,4a,N
R72,62.68934327,-114.1028159,VR2W-120464,4.4,2012-12-01 0:00,0,2013-01-01 0:00,0,4b,N
R72,62.68934327,-114.1028159,VR2W-120464,4.4,2013-01-01 0:00,0,2013-02-01 0:00,0,4c,N
R72,62.68934327,-114.1028159,VR2W-120464,4.4,2013-02-01 0:00,0,2013-03-01 0:00,0,4d,N
R72,62.68934327,-114.1028159,VR2W-120464,4.4,2013-03-01 0:00,0,2013-04-01 0:00,0,4e,N
R72,62.68934327,-114.1028159,VR2W-120464,4.4,2013-04-01 0:00,0,2013-05-01 0:00,0,4f,N
R72,62.68934327,-114.1028159,VR2W-120464,4.4,2013-05-01 0:00,0,2013-05-25 6:00,0,4g,N
R73,62.6714,-114.07471,VR2W-120501,10.2,2012-06-28 6:30,0,2012-09-11 17:30,0,2,N
R73,62.67132715,-114.0749381,VR2W-120501,12.5,2012-09-14 3:30,0,2012-10-27 0:18,0,3,N
R73,62.67151736,-114.0753497,VR2W-120501,11,2013-06-11 1:00,0,2013-09-24 14:51,0,5,N
R73,62.67135098,-114.0750735,VR2W-120501,12.5,2013-09-28 0:00,0,2013-11-01 0:00,0,6,N
R73,62.67137085,-114.0750695,VR2W-120501,12.5,2013-11-01 0:00,0,2014-06-11 23:00,0,7,N
R73,62.67144402,-114.0750734,VR2W-120501,12.5,2014-06-20 6:00,0,2014-09-25 16:00,0,8,N
R73,62.67139022,-114.0748815,VR2W-120501,12.5,2012-10-27 0:18,0,2012-12-01 0:00,0,4a,N
R73,62.67139022,-114.0748815,VR2W-120501,12.5,2012-12-01 0:00,0,2013-01-01 0:00,0,4b,N
R73,62.67139022,-114.0748815,VR2W-120501,12.5,2013-01-01 0:00,0,2013-02-01 0:00,0,4c,N
R73,62.67139022,-114.0748815,VR2W-120501,12.5,2013-02-01 0:00,0,2013-03-01 0:00,0,4d,N
R73,62.67139022,-114.0748815,VR2W-120501,12.5,2013-03-01 0:00,0,2013-04-01 0:00,0,4e,N
R73,62.67139022,-114.0748815,VR2W-120501,12.5,2013-04-01 0:00,0,2013-05-01 0:00,0,4f,N
R73,62.67139022,-114.0748815,VR2W-120501,12.5,2013-05-01 0:00,0,2013-05-25 6:00,0,4g,N
R8,62.67781,-114.09224,VR2W-119858,6.4,2012-06-28 6:30,0,2012-09-11 17:30,0,2,N
R8,62.67777662,-114.0921962,VR2W-119858,6.2,2012-09-14 3:30,0,2012-10-27 0:18,0,3,N
R8,62.67783449,-114.09215,VR2W-119858,6.5,2013-06-11 1:00,0,2013-06-30 14:34,0,5,Y
R8,62.67782038,-114.0921873,VR2W-119858,6.5,2013-07-01 7:42,0,2013-09-24 14:51,0,5,N
R8,62.67780343,-114.0918941,VR2W-119858,6.2,2012-10-27 0:18,0,2012-12-01 0:00,0,4a,N
R8,62.67780343,-114.0918941,VR2W-119858,6.2,2012-12-01 0:00,0,2013-01-01 0:00,0,4b,N
R8,62.67780343,-114.0918941,VR2W-119858,6.2,2013-01-01 0:00,0,2013-02-01 0:00,0,4c,N
R8,62.67780343,-114.0918941,VR2W-119858,6.2,2013-02-01 0:00,0,2013-03-01 0:00,0,4d,N
R8,62.67780343,-114.0918941,VR2W-119858,6.2,2013-03-01 0:00,0,2013-04-01 0:00,0,4e,N
R8,62.67780343,-114.0918941,VR2W-119858,6.2,2013-04-01 0:00,0,2013-05-01 0:00,0,4f,N
R8,62.67780343,-114.0918941,VR2W-119858,6.2,2013-05-01 0:00,0,2013-05-25 6:00,0,4g,N
R8,62.67777534,-114.092354,VR2W-119858,6.2,2013-09-28 0:00,0,2013-11-01 0:00,0,6,N
R8,62.6777745,-114.0922865,VR2W-119858,6.2,2013-11-01 0:00,0,2014-06-11 23:00,0,7,N
R8,62.67790789,-114.0922588,VR2W-119858,6.2,2014-06-20 6:00,0,2014-09-25 16:00,0,8,N
R9,62.67752,-114.09547,VR2W-120508,7.7,2012-06-28 6:30,0,2012-09-11 17:30,0,2,N
R9,62.67748999,-114.0953231,VR2W-120508,7.5,2012-09-14 3:30,0,2012-10-27 0:18,0,3,N
R9,62.67756223,-114.0953142,VR2W-120508,8.6,2013-06-11 1:00,0,2013-09-24 14:51,0,5,N
R9,62.67760523,-114.0951632,VR2W-120508,7.5,2012-10-27 0:18,0,2012-12-01 0:00,0,4a,N
R9,62.67760523,-114.0951632,VR2W-120508,7.5,2012-12-01 0:00,0,2013-01-01 0:00,0,4b,N
R9,62.67760523,-114.0951632,VR2W-120508,7.5,2013-01-01 0:00,0,2013-02-01 0:00,0,4c,N
R9,62.67760523,-114.0951632,VR2W-120508,7.5,2013-02-01 0:00,0,2013-03-01 0:00,0,4d,N
R9,62.67760523,-114.0951632,VR2W-120508,7.5,2013-03-01 0:00,0,2013-04-01 0:00,0,4e,N
R9,62.67760523,-114.0951632,VR2W-120508,7.5,2013-04-01 0:00,0,2013-05-01 0:00,0,4f,N
R9,62.67760523,-114.0951632,VR2W-120508,7.5,2013-05-01 0:00,0,2013-05-25 6:00,0,4g,N
R9,62.677421,-114.0955724,VR2W-122318,7.1,2013-09-28 0:00,0,2013-11-01 0:00,0,6,N
R9,62.67750041,-114.095373,VR2W-122318,7.1,2013-11-01 0:00,0,2014-06-11 23:00,0,7,N
R9,62.67758522,-114.0956531,VR2W-120508,7.1,2014-06-20 6:00,0,2014-09-25 16:00,0,8,N
SR01,62.68690444,-114.1004449,A69-1601-65098,14.8,2013-09-28 0:00,0,2013-11-01 0:00,0,6,N
SR01,62.68690677,-114.1004576,A69-1601-65098,14.8,2013-11-01 0:00,0,2014-06-11 23:00,0,7,N
SR01,62.68694119,-114.1003561,A69-1601-65098,14.8,2014-06-20 6:00,0,2014-09-24 17:32,0,8,N
SR01,62.68694119,-114.1003561,A69-1601-65098,14.8,2014-09-24 20:07,0,2014-09-25 16:00,0,8,Y
SR01,62.68688,-114.10014,A69-1601-65098,17.2,2012-06-28 6:30,0,2012-09-11 17:30,0,2,N
SR01,62.68684976,-114.1000992,A69-1601-65098,17.2,2012-09-14 3:30,0,2012-10-27 0:18,0,3,N
SR01,62.68675939,-114.100222,A69-1601-65098,15.5,2013-06-11 1:00,0,2013-09-24 14:51,0,5,N
SR01,62.68693712,-114.1001399,A69-1601-65098,17.2,2012-10-27 0:18,0,2012-12-01 0:00,0,4a,N
SR01,62.68693712,-114.1001399,A69-1601-65098,17.2,2012-12-01 0:00,0,2013-01-01 0:00,0,4b,N
SR01,62.68693712,-114.1001399,A69-1601-65098,17.2,2013-01-01 0:00,0,2013-02-01 0:00,0,4c,N
SR01,62.68693712,-114.1001399,A69-1601-65098,17.2,2013-02-01 0:00,0,2013-03-01 0:00,0,4d,N
SR01,62.68693712,-114.1001399,A69-1601-65098,17.2,2013-03-01 0:00,0,2013-04-01 0:00,0,4e,N
SR01,62.68693712,-114.1001399,A69-1601-65098,17.2,2013-04-01 0:00,0,2013-05-01 0:00,0,4f,N
SR01,62.68693712,-114.1001399,A69-1601-65098,17.2,2013-05-01 0:00,0,2013-05-25 6:00,0,4g,N
SR02,62.68106466,-114.093638,A69-1601-65072,5.4,2013-09-28 0:00,0,2013-11-01 0:00,0,6,N
SR02,62.68106359,-114.093656,A69-1601-65072,5.4,2013-11-01 0:00,0,2014-06-11 23:00,0,7,N
SR02,62.68102236,-114.093566,A69-1601-65072,5.4,2014-06-20 6:00,0,2014-09-25 16:00,0,8,N
SR02,62.68102,-114.09361,A69-1601-65072,5.9,2012-06-28 6:30,0,2012-09-11 17:30,0,2,N
SR02,62.68098696,-114.093569,A69-1601-65072,5.9,2012-09-14 3:30,0,2012-10-27 0:18,0,3,N
SR02,62.6810427,-114.0934289,A69-1601-65072,5.9,2013-06-11 1:00,0,2013-09-24 14:51,0,5,N
SR02,62.68083467,-114.0934817,A69-1601-65072,5.9,2012-10-27 0:18,0,2012-12-01 0:00,0,4a,N
SR02,62.68083467,-114.0934817,A69-1601-65072,5.9,2012-12-01 0:00,0,2013-01-01 0:00,0,4b,N
SR02,62.68083467,-114.0934817,A69-1601-65072,5.9,2013-01-01 0:00,0,2013-02-01 0:00,0,4c,N
SR02,62.68083467,-114.0934817,A69-1601-65072,5.9,2013-02-01 0:00,0,2013-03-01 0:00,0,4d,N
SR02,62.68083467,-114.0934817,A69-1601-65072,5.9,2013-03-01 0:00,0,2013-04-01 0:00,0,4e,N
SR02,62.68083467,-114.0934817,A69-1601-65072,5.9,2013-04-01 0:00,0,2013-05-01 0:00,0,4f,N
SR02,62.68083467,-114.0934817,A69-1601-65072,5.9,2013-05-01 0:00,0,2013-05-25 6:00,0,4g,N
SR03,62.67388571,-114.1021437,A69-1601-65077,24.2,2013-09-28 0:00,0,2013-11-01 0:00,0,6,N
SR03,62.67389226,-114.1021416,A69-1601-65077,24.2,2013-11-01 0:00,0,2014-06-11 23:00,0,7,N
SR03,62.67394727,-114.102094,A69-1601-65077,24.2,2014-06-20 6:00,0,2014-09-25 16:00,0,8,N
SR03,62.67396,-114.10223,A69-1601-65077,26.6,2012-06-28 6:30,0,2012-09-11 17:30,0,2,N
SR03,62.67397264,-114.1019965,A69-1601-65077,24.4,2012-09-14 3:30,0,2012-10-27 0:18,0,3,N
SR03,62.67393078,-114.1018857,A69-1601-65077,24.4,2013-06-11 1:00,0,2013-06-30 14:34,0,5,Y
SR03,62.67394921,-114.1018992,A69-1601-65077,24.4,2013-07-01 7:42,0,2013-09-24 14:51,0,5,N
SR03,62.67402265,-114.1019247,A69-1601-65077,24.4,2012-10-27 0:18,0,2012-12-01 0:00,0,4a,N
SR03,62.67402265,-114.1019247,A69-1601-65077,24.4,2012-12-01 0:00,0,2013-01-01 0:00,0,4b,N
SR03,62.67402265,-114.1019247,A69-1601-65077,24.4,2013-01-01 0:00,0,2013-02-01 0:00,0,4c,N
SR03,62.67402265,-114.1019247,A69-1601-65077,24.4,2013-02-01 0:00,0,2013-03-01 0:00,0,4d,N
SR03,62.67402265,-114.1019247,A69-1601-65077,24.4,2013-03-01 0:00,0,2013-04-01 0:00,0,4e,N
SR03,62.67402265,-114.1019247,A69-1601-65077,24.4,2013-04-01 0:00,0,2013-05-01 0:00,0,4f,N
SR03,62.67402265,-114.1019247,A69-1601-65077,24.4,2013-05-01 0:00,0,2013-05-25 6:00,0,4g,N
SR04,62.67917945,-114.1065208,A69-1601-65071,14.5,2013-09-28 0:00,0,2013-11-01 0:00,0,6,N
SR04,62.679201,-114.1064984,A69-1601-65071,14.5,2013-11-01 0:00,0,2014-06-11 23:00,0,7,N
SR04,62.67920323,-114.106474,A69-1601-65071,14.5,2014-06-20 6:00,0,2014-09-25 16:00,0,8,N
SR04,62.67918,-114.10666,A69-1601-65071,1,2012-06-28 6:30,0,2012-09-11 17:30,0,2,N
SR04,62.67914175,-114.1067147,A69-1601-65071,16,2012-09-14 3:30,0,2012-10-27 0:18,0,3,N
SR04,62.6791093,-114.1064775,A69-1601-65071,16,2013-06-11 1:00,0,2013-09-24 14:51,0,5,N
SR04,62.6792067,-114.1067085,A69-1601-65071,16,2012-10-27 0:18,0,2012-12-01 0:00,0,4a,N
SR04,62.6792067,-114.1067085,A69-1601-65071,16,2012-12-01 0:00,0,2013-01-01 0:00,0,4b,N
SR04,62.6792067,-114.1067085,A69-1601-65071,16,2013-01-01 0:00,0,2013-02-01 0:00,0,4c,N
SR04,62.6792067,-114.1067085,A69-1601-65071,16,2013-02-01 0:00,0,2013-03-01 0:00,0,4d,N
SR04,62.6792067,-114.1067085,A69-1601-65071,16,2013-03-01 0:00,0,2013-04-01 0:00,0,4e,N
SR04,62.6792067,-114.1067085,A69-1601-65071,16,2013-04-01 0:00,0,2013-05-01 0:00,0,4f,N
SR04,62.6792067,-114.1067085,A69-1601-65071,16,2013-05-01 0:00,0,2013-05-25 6:00,0,4g,N
SR05,62.67440542,-114.0840029,A69-1601-65089,16.4,2013-09-28 0:00,0,2013-11-01 0:00,0,6,N
SR05,62.67441264,-114.0840207,A69-1601-65089,16.4,2013-11-01 0:00,0,2014-06-11 23:00,0,7,N
SR05,62.67439822,-114.0838945,A69-1601-65089,16.4,2014-06-20 6:00,0,2014-09-25 16:00,0,8,N
SR05,62.67459,-114.0839,A69-1601-65089,18.9,2012-06-28 6:30,0,2012-09-11 17:30,0,2,N
SR05,62.67447915,-114.0837755,A69-1601-65089,16.5,2012-09-14 3:30,0,2012-10-27 0:18,0,3,N
SR05,62.67451531,-114.08402,A69-1601-65089,17,2013-06-11 1:00,0,2013-09-24 14:51,0,5,N
SR05,62.67450981,-114.0838738,A69-1601-65089,16.5,2012-10-27 0:18,0,2012-12-01 0:00,0,4a,N
SR05,62.67450981,-114.0838738,A69-1601-65089,16.5,2012-12-01 0:00,0,2013-01-01 0:00,0,4b,N
SR05,62.67450981,-114.0838738,A69-1601-65089,16.5,2013-01-01 0:00,0,2013-02-01 0:00,0,4c,N
SR05,62.67450981,-114.0838738,A69-1601-65089,16.5,2013-02-01 0:00,0,2013-03-01 0:00,0,4d,N
SR05,62.67450981,-114.0838738,A69-1601-65089,16.5,2013-03-01 0:00,0,2013-04-01 0:00,0,4e,N
SR05,62.67450981,-114.0838738,A69-1601-65089,16.5,2013-04-01 0:00,0,2013-05-01 0:00,0,4f,N
SR05,62.67450981,-114.0838738,A69-1601-65089,16.5,2013-05-01 0:00,0,2013-05-25 6:00,0,4g,N
SR06,62.68195824,-114.0824534,A69-1601-65081,12.2,2013-09-28 0:00,0,2013-11-01 0:00,0,6,N
SR06,62.6819657,-114.0824184,A69-1601-65081,12.2,2013-11-01 0:00,0,2014-06-11 23:00,0,7,N
SR06,62.68188591,-114.0826251,A69-1601-65081,12.2,2014-06-20 6:00,0,2014-09-25 16:00,0,8,N
SR06,62.68197,-114.08236,A69-1601-65081,14.7,2012-06-28 6:30,0,2012-09-11 17:30,0,2,N
SR06,62.68196499,-114.0822845,A69-1601-65081,14.7,2012-09-14 3:30,0,2012-10-27 0:18,0,3,N
SR06,62.68191903,-114.0823073,A69-1601-65081,13,2013-06-11 1:00,0,2013-09-24 14:51,0,5,N
SR06,62.68200869,-114.0824448,A69-1601-65081,14.7,2012-10-27 0:18,0,2012-12-01 0:00,0,4a,N
SR06,62.68200869,-114.0824448,A69-1601-65081,14.7,2012-12-01 0:00,0,2013-01-01 0:00,0,4b,N
SR06,62.68200869,-114.0824448,A69-1601-65081,14.7,2013-01-01 0:00,0,2013-02-01 0:00,0,4c,N
SR06,62.68200869,-114.0824448,A69-1601-65081,14.7,2013-02-01 0:00,0,2013-03-01 0:00,0,4d,N
SR06,62.68200869,-114.0824448,A69-1601-65081,14.7,2013-03-01 0:00,0,2013-04-01 0:00,0,4e,N
SR06,62.68200869,-114.0824448,A69-1601-65081,14.7,2013-04-01 0:00,0,2013-05-01 0:00,0,4f,N
SR06,62.68200869,-114.0824448,A69-1601-65081,14.7,2013-05-01 0:00,0,2013-05-25 6:00,0,4g,N
SR07,62.6779596,-114.0675472,A69-1601-65062,17,2013-09-28 0:00,0,2013-11-01 0:00,0,6,N
SR07,62.6779515,-114.0675043,A69-1601-65062,17,2013-11-01 0:00,0,2014-06-11 23:00,0,7,N
SR07,62.67794884,-114.0674911,A69-1601-65062,17,2014-06-20 6:00,0,2014-09-25 16:00,0,8,N
SR07,62.67794,-114.0677,A69-1601-65062,19.7,2012-06-28 6:30,0,2012-09-11 17:30,0,2,N
SR07,62.67793442,-114.0676515,A69-1601-65062,19.7,2012-09-14 3:30,0,2012-10-27 0:18,0,3,N
SR07,62.6779373,-114.0677379,A69-1601-65062,17.5,2013-06-11 1:00,0,2013-09-24 14:51,0,5,N
SR07,62.67796222,-114.0675201,A69-1601-65062,19.7,2012-10-27 0:18,0,2012-12-01 0:00,0,4a,N
SR07,62.67796222,-114.0675201,A69-1601-65062,19.7,2012-12-01 0:00,0,2013-01-01 0:00,0,4b,N
SR07,62.67796222,-114.0675201,A69-1601-65062,19.7,2013-01-01 0:00,0,2013-02-01 0:00,0,4c,N
SR07,62.67796222,-114.0675201,A69-1601-65062,19.7,2013-02-01 0:00,0,2013-03-01 0:00,0,4d,N
SR07,62.67796222,-114.0675201,A69-1601-65062,19.7,2013-03-01 0:00,0,2013-04-01 0:00,0,4e,N
SR07,62.67796222,-114.0675201,A69-1601-65062,19.7,2013-04-01 0:00,0,2013-05-01 0:00,0,4f,N
SR07,62.67796222,-114.0675201,A69-1601-65062,19.7,2013-05-01 0:00,0,2013-05-25 6:00,0,4g,N
SR08,62.66935863,-114.0614759,A69-1601-65045,14.3,2013-09-28 0:00,0,2013-11-01 0:00,0,6,N
SR08,62.66936946,-114.0614997,A69-1601-65045,14.3,2013-11-01 0:00,0,2014-06-11 23:00,0,7,N
SR08,62.66932942,-114.0613597,A69-1601-65045,14.3,2014-06-20 6:00,0,2014-09-25 16:00,0,8,N
SR08,62.66945,-114.06398,A69-1601-65045,17.2,2012-06-28 6:30,0,2012-09-11 17:30,0,2,N
SR08,62.66948085,-114.0616342,A69-1601-65045,17.2,2012-09-14 3:30,0,2012-10-27 0:18,0,3,N
SR08,62.66944745,-114.0619045,A69-1601-65045,15,2013-06-11 1:00,0,2013-09-24 14:51,0,5,N
SR08,62.66953082,-114.0616404,A69-1601-65045,17.2,2012-10-27 0:18,0,2012-10-29 15:12,0,4a,Y
SR08,62.6688335,-114.0634947,A69-1601-65045,17.2,2012-10-29 17:02,0,2012-12-01 0:00,0,4a,N
SR08,62.6688335,-114.0634947,A69-1601-65045,17.2,2012-12-01 0:00,0,2013-01-01 0:00,0,4b,N
SR08,62.6688335,-114.0634947,A69-1601-65045,17.2,2013-01-01 0:00,0,2013-02-01 0:00,0,4c,N
SR08,62.6688335,-114.0634947,A69-1601-65045,17.2,2013-02-01 0:00,0,2013-03-01 0:00,0,4d,N
SR08,62.6688335,-114.0634947,A69-1601-65045,17.2,2013-03-01 0:00,0,2013-04-01 0:00,0,4e,N
SR08,62.6688335,-114.0634947,A69-1601-65045,17.2,2013-04-01 0:00,0,2013-05-01 0:00,0,4f,N
SR08,62.6688335,-114.0634947,A69-1601-65045,17.2,2013-05-01 0:00,0,2013-05-25 6:00,0,4g,N
SR09,62.67800118,-114.0906312,A69-1601-65004,4.3,2013-09-28 0:00,0,2013-11-01 0:00,0,6,N
SR09,62.67799611,-114.0906128,A69-1601-65004,4.3,2013-11-01 0:00,0,2014-06-11 23:00,0,7,N
SR09,62.67805284,-114.0905848,A69-1601-65004,4.3,2014-06-20 6:00,0,2014-09-25 16:00,0,8,N
SR09,62.67801,-114.09051,A69-1601-65004,5,2012-06-28 6:30,0,2012-09-11 17:30,0,2,N
SR09,62.67799806,-114.0904659,A69-1601-65004,4.3,2012-09-14 3:30,0,2012-10-27 0:18,0,3,N
SR09,62.67803612,-114.090415,A69-1601-65004,4.3,2013-06-11 1:00,0,2013-09-24 14:51,0,5,N
SR09,62.67766759,-114.0914416,A69-1601-65004,4.3,2012-10-27 0:18,0,2012-12-01 0:00,0,4a,N
SR09,62.67766759,-114.0914416,A69-1601-65004,4.3,2012-12-01 0:00,0,2013-01-01 0:00,0,4b,N
SR09,62.67766759,-114.0914416,A69-1601-65004,4.3,2013-01-01 0:00,0,2013-02-01 0:00,0,4c,N
SR09,62.67766759,-114.0914416,A69-1601-65004,4.3,2013-02-01 0:00,0,2013-03-01 0:00,0,4d,N
SR09,62.67766759,-114.0914416,A69-1601-65004,4.3,2013-03-01 0:00,0,2013-04-01 0:00,0,4e,N
SR09,62.67766759,-114.0914416,A69-1601-65004,4.3,2013-04-01 0:00,0,2013-05-01 0:00,0,4f,N
SR09,62.67766759,-114.0914416,A69-1601-65004,4.3,2013-05-01 0:00,0,2013-05-25 6:00,0,4g,N
SR10,62.6851813,-114.0985864,A69-1601-65009,15,2013-09-28 0:00,0,2013-11-01 0:00,0,6,N
SR10,62.68516599,-114.0985733,A69-1601-65009,15,2013-11-01 0:00,0,2014-06-11 23:00,0,7,N
SR10,62.68516407,-114.0985616,A69-1601-65009,15,2014-06-20 6:00,0,2014-09-24 17:32,0,8,N
SR10,62.68516407,-114.0985616,A69-1601-65009,15,2014-09-24 20:07,0,2014-09-25 16:00,0,8,Y
SR10,62.68514726,-114.0983869,A69-1601-65009,15.3,2012-09-14 3:30,0,2012-10-27 0:18,0,3,N
SR10,62.68508694,-114.0983742,A69-1601-65009,15.4,2013-06-11 1:00,0,2013-09-24 14:51,0,5,N
SR10,62.6850748,-114.0989571,A69-1601-65009,15.3,2012-10-27 0:18,0,2012-12-01 0:00,0,4a,N
SR10,62.6850748,-114.0989571,A69-1601-65009,15.3,2012-12-01 0:00,0,2013-01-01 0:00,0,4b,N
SR10,62.6850748,-114.0989571,A69-1601-65009,15.3,2013-01-01 0:00,0,2013-02-01 0:00,0,4c,N
SR10,62.6850748,-114.0989571,A69-1601-65009,15.3,2013-02-01 0:00,0,2013-03-01 0:00,0,4d,N
SR10,62.6850748,-114.0989571,A69-1601-65009,15.3,2013-03-01 0:00,0,2013-04-01 0:00,0,4e,N
SR10,62.6850748,-114.0989571,A69-1601-65009,15.3,2013-04-01 0:00,0,2013-05-01 0:00,0,4f,N
SR10,62.6850748,-114.0989571,A69-1601-65009,15.3,2013-05-01 0:00,0,2013-05-25 6:00,0,4g,N
SR11,62.67318558,-114.061699,A69-1601-65010,9.8,2013-09-28 0:00,0,2013-11-01 0:00,0,6,N
SR11,62.67314254,-114.0616623,A69-1601-65010,9.8,2013-11-01 0:00,0,2014-06-11 23:00,0,7,N
SR11,62.67314968,-114.0616545,A69-1601-65010,9.8,2014-06-20 6:00,0,2014-09-25 16:00,0,8,N
SR11,62.67322472,-114.0617561,A69-1601-65010,9.7,2012-09-14 3:30,0,2012-10-27 0:18,0,3,N
SR11,62.67315754,-114.0619302,A69-1601-65010,10,2013-06-11 1:00,0,2013-09-24 14:51,0,5,N
SR11,62.67317436,-114.0616269,A69-1601-65010,9.7,2012-10-27 0:18,0,2012-12-01 0:00,0,4a,N
SR11,62.67317436,-114.0616269,A69-1601-65010,9.7,2012-12-01 0:00,0,2013-01-01 0:00,0,4b,N
SR11,62.67317436,-114.0616269,A69-1601-65010,9.7,2013-01-01 0:00,0,2013-02-01 0:00,0,4c,N
SR11,62.67317436,-114.0616269,A69-1601-65010,9.7,2013-02-01 0:00,0,2013-03-01 0:00,0,4d,N
SR11,62.67317436,-114.0616269,A69-1601-65010,9.7,2013-03-01 0:00,0,2013-04-01 0:00,0,4e,N
SR11,62.67317436,-114.0616269,A69-1601-65010,9.7,2013-04-01 0:00,0,2013-05-01 0:00,0,4f,N
SR11,62.67317436,-114.0616269,A69-1601-65010,9.7,2013-05-01 0:00,0,2013-05-25 6:00,0,4g,N
